,robot_speed,robot_speed_kmh,simulation_duration,generation,test_loss,robot_0_start,robot_0_end,robot_1_start,robot_1_end,robot_2_start,robot_2_end,robot_3_start,robot_3_end,robot_4_start,robot_4_end,robot_5_start,robot_5_end,robot_6_start,robot_6_end,robot_7_start,robot_7_end,robot_8_start,robot_8_end,robot_9_start,robot_9_end,delivery_rate,utilization_rate,num_risks,simulations,utilization_rate_0,delivery_rate_0,num_risks_0,unique_id_0,seed_0,requests_per_hour_0,execution_time_0,sequential_execution_time,execution_time
0,41,4.1,5,0,2.1043171401534764,9,12,12,14,10,12,9,12,9,12,12,14,12,14,0,0,0,0,0,0,0.42042303,0.6793068,6.3146725,1,0.6793068,0.42042303,6.3146725,0,59713643048,50,0.0,0.0,2.482938766479492
1,140,14.0,5,0,2.1043171401534764,10,13,11,14,11,13,11,14,9,11,12,14,12,14,10,11,0,0,0,0,0.39414322,1.0275307,9.724692,1,1.0275307,0.39414322,9.724692,1,59713643048,50,0.0009999275207519531,0.0009999275207519531,1.8606202602386475
2,34,3.4,5,0,2.1043171401534764,9,13,10,13,11,14,12,14,11,14,11,14,9,12,11,13,0,0,0,0,0.27699202,0.78475785,7.3868127,1,0.78475785,0.27699202,7.3868127,2,59713643048,50,0.0010004043579101562,0.0010004043579101562,1.703113317489624
3,79,7.9,5,0,2.1043171401534764,9,10,12,14,12,14,11,13,10,11,9,11,9,10,12,13,10,13,0,0,0.19324991,0.8863895,8.56187,1,0.8863895,0.19324991,8.56187,3,59713643048,50,0.0010008811950683594,0.0010008811950683594,1.7602927684783936
4,156,15.6,5,0,2.1043171401534764,11,14,9,13,9,13,9,11,12,14,11,14,11,14,9,12,0,0,0,0,0.36344856,1.12059,10.20748,1,1.12059,0.36344856,10.20748,4,59713643048,50,0.0009987354278564453,0.0009987354278564453,1.5811545848846436
5,64,6.4,5,0,2.1043171401534764,9,10,11,14,9,12,11,13,9,10,12,14,10,12,0,0,0,0,0,0,0.34821212,0.7402852,6.532992,1,0.7402852,0.34821212,6.532992,5,59713643048,50,0.0010004043579101562,0.0010004043579101562,1.3385241031646729
6,65,6.5,5,0,2.1043171401534764,12,14,12,13,9,12,12,14,10,12,9,13,11,14,0,0,0,0,0,0,0.3469839,0.81760246,6.8722444,1,0.81760246,0.3469839,6.8722444,6,59713643048,50,0.0010001659393310547,0.0010001659393310547,1.3375747203826904
7,94,9.4,5,0,2.1043171401534764,9,10,12,13,12,13,10,12,10,11,10,14,11,13,10,12,0,0,0,0,0.31033185,0.8943496,8.150852,1,0.8943496,0.31033185,8.150852,7,59713643048,50,0.0010004043579101562,0.0010004043579101562,1.388444423675537
8,108,10.8,5,0,2.1043171401534764,10,11,9,12,12,13,9,12,9,12,10,11,10,14,10,13,9,13,10,11,0.36528927,0.9240779,10.68031,1,0.9240779,0.36528927,10.68031,8,59713643048,50,0.0010006427764892578,0.0010006427764892578,0.007003307342529297
9,153,15.3,5,0,2.1043171401534764,9,10,11,14,11,14,11,14,11,14,11,12,11,14,11,14,0,0,0,0,0.3866117,1.0818713,10.4108305,1,1.0818713,0.3866117,10.4108305,9,59713643048,50,0.0009899139404296875,0.0009899139404296875,0.011019468307495117
10,106,10.6,5,0,2.1043171401534764,10,12,10,13,9,12,10,12,9,13,11,14,10,12,9,11,10,11,0,0,0.3469965,1.0230049,9.932187,1,1.0230049,0.3469965,9.932187,10,59713643048,50,0.0009987354278564453,0.0009987354278564453,0.006001710891723633
11,69,6.9,5,0,2.1043171401534764,10,11,12,13,11,12,12,13,9,11,9,12,10,11,11,13,0,0,0,0,0.2605343,0.87590164,7.1893954,1,0.87590164,0.2605343,7.1893954,11,59713643048,50,0.0009975433349609375,0.0009975433349609375,0.016000032424926758
12,108,10.8,5,1,2.1043171401534764,10,11,9,12,12,13,9,12,9,12,10,11,10,14,10,13,9,13,10,11,0.36528927,0.9240779,10.68031,1,0.9240779,0.36528927,10.68031,8,59713643048,50,0.0010006427764892578,0.0010006427764892578,0.0039980411529541016
13,156,15.6,5,1,2.1043171401534764,11,14,9,13,9,13,9,11,12,14,11,14,11,14,9,12,0,0,0,0,0.36344856,1.12059,10.20748,1,1.12059,0.36344856,10.20748,4,59713643048,50,0.0009987354278564453,0.0009987354278564453,0.0019986629486083984
14,156,15.6,5,1,2.1043171401534764,11,13,9,13,9,12,9,10,12,14,11,14,11,14,9,12,0,0,0,0,0.35186774,1.1136428,9.994786,1,1.1136428,0.35186774,9.994786,12,59713643048,50,0.0,0.0,0.009001731872558594
15,34,3.4,5,1,2.1043171401534764,9,13,10,13,10,13,11,14,11,14,11,14,9,12,11,13,0,0,0,0,0.3042879,0.80697566,7.2761965,1,0.80697566,0.3042879,7.2761965,13,59713643048,50,0.0029969215393066406,0.0029969215393066406,0.015007972717285156
16,65,6.5,5,1,2.1043171401534764,9,13,11,13,10,13,12,14,10,12,9,13,10,14,0,0,0,0,0,0,0.33460692,0.761714,7.471134,1,0.761714,0.33460692,7.471134,14,59713643048,50,0.0009949207305908203,0.0009949207305908203,0.008996248245239258
17,34,3.4,5,1,2.1043171401534764,10,12,11,14,12,14,11,12,11,14,9,11,11,13,0,0,0,0,0,0,0.2886806,0.6506695,6.061443,1,0.6506695,0.2886806,6.061443,15,59713643048,50,0.0010001659393310547,0.0010001659393310547,0.0069963932037353516
18,106,10.6,5,1,2.1043171401534764,9,12,12,13,9,12,12,13,10,12,9,12,0,0,0,0,0,0,0,0,0.19913197,0.9823409,7.787343,1,0.9823409,0.19913197,7.787343,16,59713643048,50,0.0010001659393310547,0.0010001659393310547,0.007007598876953125
19,64,6.4,5,1,2.1043171401534764,10,12,12,13,9,12,9,11,9,13,11,14,10,11,9,11,10,14,0,0,0.28857136,0.92167175,8.799175,1,0.92167175,0.28857136,8.799175,17,59713643048,50,0.0019953250885009766,0.0019953250885009766,0.014506101608276367
20,109,10.9,5,1,2.1043171401534764,10,11,9,12,9,12,9,12,10,11,10,14,10,13,9,10,0,0,0,0,0.33487883,0.8745464,8.252735,1,0.8745464,0.33487883,8.252735,18,59713643048,50,0.0009911060333251953,0.0009911060333251953,0.009996175765991211
21,32,3.2,5,1,2.1043171401534764,9,13,9,12,11,14,12,14,11,13,11,14,9,12,10,14,0,0,0,0,0.29562393,0.7746479,7.3641887,1,0.7746479,0.29562393,7.3641887,19,59713643048,50,0.0009965896606445312,0.0009965896606445312,0.013001441955566406
22,34,3.4,5,1,2.1043171401534764,9,13,10,13,11,14,11,13,9,13,11,14,0,0,0,0,0,0,0,0,0.22884873,0.7650209,6.2313156,1,0.7650209,0.22884873,6.2313156,20,59713643048,50,0.0020003318786621094,0.0020003318786621094,0.011996269226074219
23,65,6.5,5,1,2.1043171401534764,12,14,12,13,9,12,10,13,12,14,11,12,9,12,9,10,11,14,0,0,0.26569274,0.93433386,8.606544,1,0.93433386,0.26569274,8.606544,21,59713643048,50,0.0010004043579101562,0.0010004043579101562,0.008023262023925781
24,41,4.1,5,2,2.1043171401534764,9,12,12,14,10,12,9,12,12,14,12,14,0,0,0,0,0,0,0,0,0.2670009,0.86491174,5.6397686,1,0.86491174,0.2670009,5.6397686,22,59713643048,50,0.0020062923431396484,0.0020062923431396484,0.01600170135498047
25,34,3.4,5,2,2.1043171401534764,9,13,9,12,11,14,12,14,10,11,9,13,11,14,0,0,0,0,0,0,0.31830657,0.56749743,6.114147,1,0.56749743,0.31830657,6.114147,23,59713643048,50,0.001001119613647461,0.001001119613647461,0.00700688362121582
26,65,6.5,5,2,2.1043171401534764,9,13,11,13,10,13,12,14,10,12,9,13,10,14,0,0,0,0,0,0,0.33460692,0.761714,7.471134,1,0.761714,0.33460692,7.471134,14,59713643048,50,0.0009949207305908203,0.0009949207305908203,0.002991914749145508
27,65,6.5,5,2,2.1043171401534764,12,14,12,13,9,12,12,14,10,12,9,13,11,14,0,0,0,0,0,0,0.3469839,0.81760246,6.8722444,1,0.81760246,0.3469839,6.8722444,6,59713643048,50,0.0010001659393310547,0.0010001659393310547,0.0020003318786621094
28,63,6.3,5,2,2.1043171401534764,12,14,11,13,9,10,10,12,9,10,9,10,12,13,10,13,0,0,0,0,0.33113492,0.87925005,6.7272654,1,0.87925005,0.33113492,6.7272654,24,59713643048,50,0.0015063285827636719,0.0015063285827636719,0.006523609161376953
29,79,7.9,5,2,2.1043171401534764,9,11,11,14,9,12,9,11,12,13,9,11,0,0,0,0,0,0,0,0,0.20878649,0.91148907,6.4625034,1,0.91148907,0.20878649,6.4625034,25,59713643048,50,0.001993894577026367,0.001993894577026367,0.01599860191345215
30,33,3.3,5,2,2.1043171401534764,9,12,10,13,9,13,9,11,11,14,12,13,0,0,0,0,0,0,0,0,0.26154947,0.7789822,5.676547,1,0.7789822,0.26154947,5.676547,26,59713643048,50,0.0009999275207519531,0.0009999275207519531,0.013820409774780273
31,41,4.1,5,2,2.1043171401534764,9,12,11,14,11,13,9,11,12,14,9,12,11,14,0,0,0,0,0,0,0.3320005,0.67408377,6.156276,1,0.67408377,0.3320005,6.156276,27,59713643048,50,0.002008199691772461,0.002008199691772461,0.013001203536987305
32,67,6.7,5,2,2.1043171401534764,10,11,11,14,9,11,11,14,9,12,11,13,0,0,0,0,0,0,0,0,0.23157154,0.89830834,6.4406543,1,0.89830834,0.23157154,6.4406543,28,59713643048,50,0.0010008811950683594,0.0010008811950683594,0.009986162185668945
33,30,3.0,5,2,2.1043171401534764,10,14,12,14,11,12,12,14,10,12,9,12,9,10,11,13,0,0,0,0,0.22995086,0.83468837,6.321638,1,0.83468837,0.22995086,6.321638,29,59713643048,50,0.002001523971557617,0.002001523971557617,0.0162813663482666
34,25,2.5,5,2,2.1043171401534764,10,12,11,14,12,14,11,12,11,14,9,11,11,13,0,0,0,0,0,0,0.2814413,0.6188197,5.6927695,1,0.6188197,0.2814413,5.6927695,30,59713643048,50,0.0,0.0,0.011011362075805664
35,34,3.4,5,2,2.1043171401534764,10,12,11,14,12,14,11,12,11,14,9,11,11,13,0,0,0,0,0,0,0.2886806,0.6506695,6.061443,1,0.6506695,0.2886806,6.061443,15,59713643048,50,0.0010001659393310547,0.0010001659393310547,0.0010004043579101562
36,34,3.4,5,3,1.4116753654820577,9,13,9,12,11,14,12,14,10,11,9,13,11,14,0,0,0,0,0,0,0.31830657,0.56749743,6.114147,1,0.56749743,0.31830657,6.114147,23,59713643048,50,0.001001119613647461,0.001001119613647461,0.001998424530029297
37,34,3.4,5,3,1.4116753654820577,9,13,9,12,11,14,12,14,10,11,9,13,11,14,0,0,0,0,0,0,0.31830657,0.56749743,6.114147,1,0.56749743,0.31830657,6.114147,23,59713643048,50,0.001001119613647461,0.001001119613647461,0.005022287368774414
38,106,10.6,5,3,1.4116753654820577,9,12,12,13,9,12,12,13,10,12,9,12,0,0,0,0,0,0,0,0,0.19913197,0.9823409,7.787343,1,0.9823409,0.19913197,7.787343,16,59713643048,50,0.0010001659393310547,0.0010001659393310547,0.0020034313201904297
39,106,10.6,5,3,1.4116753654820577,9,12,12,13,9,12,12,13,10,12,9,12,0,0,0,0,0,0,0,0,0.19913197,0.9823409,7.787343,1,0.9823409,0.19913197,7.787343,16,59713643048,50,0.0010001659393310547,0.0010001659393310547,0.0020062923431396484
40,17,1.7,5,3,1.4116753654820577,10,12,12,14,11,12,11,12,9,11,11,13,0,0,0,0,0,0,0,0,0.2643419,0.84008265,5.0407033,1,0.84008265,0.2643419,5.0407033,31,59713643048,50,0.0010001659393310547,0.0010001659393310547,0.0069882869720458984
41,106,10.6,5,3,1.4116753654820577,9,12,10,11,9,11,11,14,12,13,10,14,9,11,0,0,0,0,0,0,0.26915854,0.87350965,9.913003,1,0.87350965,0.26915854,9.913003,32,59713643048,50,0.0,0.0,0.00855255126953125
42,109,10.9,5,3,1.4116753654820577,9,12,12,13,9,11,11,12,10,12,9,13,0,0,0,0,0,0,0,0,0.15957972,0.8818859,8.082539,1,0.8818859,0.15957972,8.082539,33,59713643048,50,0.0010025501251220703,0.0010025501251220703,0.011998414993286133
43,21,2.1,5,3,1.4116753654820577,10,12,11,14,12,14,11,12,10,14,9,10,10,12,0,0,0,0,0,0,0.27368027,0.7056884,7.360173,1,0.7056884,0.27368027,7.360173,34,59713643048,50,0.0,0.0,0.01499629020690918
44,59,5.9,5,3,1.4116753654820577,9,10,12,14,12,14,11,13,10,11,9,11,9,10,12,13,10,13,0,0,0.12168781,0.9412451,7.264229,1,0.9412451,0.12168781,7.264229,35,59713643048,50,0.0010027885437011719,0.0010027885437011719,0.010998964309692383
45,79,7.9,5,3,1.4116753654820577,9,10,12,14,12,14,11,13,10,11,9,11,9,10,12,13,10,13,0,0,0.19324991,0.8863895,8.56187,1,0.8863895,0.19324991,8.56187,3,59713643048,50,0.0010008811950683594,0.0010008811950683594,0.0009999275207519531
46,41,4.1,5,3,1.4116753654820577,9,12,12,14,10,12,9,12,12,14,12,14,0,0,0,0,0,0,0,0,0.2670009,0.86491174,5.6397686,1,0.86491174,0.2670009,5.6397686,22,59713643048,50,0.0020062923431396484,0.0020062923431396484,0.003997802734375
47,79,7.9,5,3,1.4116753654820577,9,11,11,14,9,12,9,11,12,13,9,11,0,0,0,0,0,0,0,0,0.20878649,0.91148907,6.4625034,1,0.91148907,0.20878649,6.4625034,25,59713643048,50,0.001993894577026367,0.001993894577026367,0.0019960403442382812
48,108,10.8,5,4,1.4116753654820577,9,13,9,12,11,12,9,11,11,12,10,12,9,13,0,0,0,0,0,0,0.24708551,0.85622644,11.610255,1,0.85622644,0.24708551,11.610255,36,59713643048,50,0.000989675521850586,0.000989675521850586,0.010014772415161133
49,34,3.4,5,4,1.4116753654820577,9,12,11,14,9,10,9,12,11,14,0,0,0,0,0,0,0,0,0,0,0.13769352,0.92969024,5.6761384,1,0.92969024,0.13769352,5.6761384,37,59713643048,50,0.0010056495666503906,0.0010056495666503906,0.0169985294342041
50,34,3.4,5,4,1.4116753654820577,9,13,10,13,11,14,11,13,9,13,11,14,0,0,0,0,0,0,0,0,0.22884873,0.7650209,6.2313156,1,0.7650209,0.22884873,6.2313156,20,59713643048,50,0.0020003318786621094,0.0020003318786621094,0.004998445510864258
51,34,3.4,5,4,1.4116753654820577,9,13,9,12,11,14,12,14,10,11,9,13,11,14,0,0,0,0,0,0,0.31830657,0.56749743,6.114147,1,0.56749743,0.31830657,6.114147,23,59713643048,50,0.001001119613647461,0.001001119613647461,0.0030426979064941406
52,34,3.4,5,4,1.4116753654820577,9,13,10,13,11,14,11,13,9,13,11,14,0,0,0,0,0,0,0,0,0.22884873,0.7650209,6.2313156,1,0.7650209,0.22884873,6.2313156,20,59713643048,50,0.0020003318786621094,0.0020003318786621094,0.0009987354278564453
53,34,3.4,5,4,1.4116753654820577,9,13,9,12,11,14,12,14,10,11,9,13,11,14,0,0,0,0,0,0,0.31830657,0.56749743,6.114147,1,0.56749743,0.31830657,6.114147,23,59713643048,50,0.001001119613647461,0.001001119613647461,0.002015829086303711
54,17,1.7,5,4,1.4116753654820577,10,11,12,14,11,12,11,12,10,12,11,12,0,0,0,0,0,0,0,0,0.24727881,0.85475063,4.642101,1,0.85475063,0.24727881,4.642101,38,59713643048,50,0.0009944438934326172,0.0009944438934326172,0.0069997310638427734
55,34,3.4,5,4,1.4116753654820577,9,13,9,12,11,14,12,14,10,11,9,13,11,14,0,0,0,0,0,0,0.31830657,0.56749743,6.114147,1,0.56749743,0.31830657,6.114147,23,59713643048,50,0.001001119613647461,0.001001119613647461,0.0009999275207519531
56,16,1.6,5,4,1.4116753654820577,10,13,12,14,9,11,11,12,9,10,10,11,0,0,0,0,0,0,0,0,0.257274,0.8233913,5.107626,1,0.8233913,0.257274,5.107626,39,59713643048,50,0.0010044574737548828,0.0010044574737548828,0.01600933074951172
57,109,10.9,5,4,1.4116753654820577,9,10,12,13,11,12,11,12,9,10,9,13,0,0,0,0,0,0,0,0,0.16070256,0.84449404,6.6727433,1,0.84449404,0.16070256,6.6727433,40,59713643048,50,0.0,0.0,0.00599980354309082
58,34,3.4,5,4,1.4116753654820577,9,13,9,12,11,14,12,14,10,11,9,13,11,14,0,0,0,0,0,0,0.31830657,0.56749743,6.114147,1,0.56749743,0.31830657,6.114147,23,59713643048,50,0.001001119613647461,0.001001119613647461,0.001001596450805664
59,34,3.4,5,4,1.4116753654820577,9,13,9,12,11,14,11,13,9,13,11,14,0,0,0,0,0,0,0,0,0.2484982,0.72670126,8.739487,1,0.72670126,0.2484982,8.739487,41,59713643048,50,0.0,0.0,0.01400446891784668
60,17,1.7,5,5,1.4116753654820577,9,10,11,12,12,13,9,10,11,12,9,10,11,12,12,14,0,0,0,0,0.19933021,0.94312733,4.755237,1,0.94312733,0.19933021,4.755237,42,59713643048,50,0.0009989738464355469,0.0009989738464355469,0.011996984481811523
61,59,5.9,5,5,1.4116753654820577,10,12,12,14,11,13,10,11,10,12,9,10,11,12,0,0,0,0,0,0,0.32707274,0.6952375,7.637331,1,0.6952375,0.32707274,7.637331,43,59713643048,50,0.0,0.0,0.008007287979125977
62,34,3.4,5,5,1.4116753654820577,9,12,9,12,11,12,12,13,9,10,9,13,9,10,11,14,0,0,0,0,0.23236513,0.93578476,8.054684,1,0.93578476,0.23236513,8.054684,44,59713643048,50,0.0010027885437011719,0.0010027885437011719,0.01552724838256836
63,59,5.9,5,5,1.4116753654820577,9,10,12,13,12,14,11,13,10,11,9,11,12,13,10,13,0,0,0,0,0.28376758,0.890578,7.6382294,1,0.890578,0.28376758,7.6382294,45,59713643048,50,0.0010113716125488281,0.0010113716125488281,0.013994932174682617
64,34,3.4,5,5,1.4116753654820577,9,13,9,12,11,14,10,12,9,13,11,14,0,0,0,0,0,0,0,0,0.24889454,0.72865427,8.658059,1,0.72865427,0.24889454,8.658059,46,59713643048,50,0.000990152359008789,0.000990152359008789,0.010003328323364258
65,34,3.4,5,5,1.4116753654820577,9,13,9,12,11,14,12,14,10,11,9,13,10,11,11,14,0,0,0,0,0.26005772,0.9036514,8.7941475,1,0.9036514,0.26005772,8.7941475,47,59713643048,50,0.000997304916381836,0.000997304916381836,0.011006593704223633
66,34,3.4,5,5,1.4116753654820577,9,13,9,12,11,14,11,13,9,13,11,14,0,0,0,0,0,0,0,0,0.2484982,0.72670126,8.739487,1,0.72670126,0.2484982,8.739487,41,59713643048,50,0.0,0.0,0.001999378204345703
67,34,3.4,5,5,1.4116753654820577,9,13,9,12,11,14,11,13,9,13,11,14,0,0,0,0,0,0,0,0,0.2484982,0.72670126,8.739487,1,0.72670126,0.2484982,8.739487,41,59713643048,50,0.0,0.0,0.004988431930541992
68,20,2.0,5,5,1.4116753654820577,9,13,9,12,11,14,11,13,9,13,11,14,0,0,0,0,0,0,0,0,0.27476215,0.71879196,8.073633,1,0.71879196,0.27476215,8.073633,48,59713643048,50,0.001004934310913086,0.001004934310913086,0.013998270034790039
69,34,3.4,5,5,1.4116753654820577,9,11,11,14,12,14,11,12,10,14,10,12,0,0,0,0,0,0,0,0,0.24325642,0.790248,7.4184055,1,0.790248,0.24325642,7.4184055,49,59713643048,50,0.0,0.0,0.006001472473144531
70,25,2.5,5,5,1.4116753654820577,10,12,11,14,12,14,11,12,10,14,10,12,0,0,0,0,0,0,0,0,0.24840406,0.82484436,6.8898625,1,0.82484436,0.24840406,6.8898625,50,59713643048,50,0.0,0.0,0.010013818740844727
71,20,2.0,5,5,1.4116753654820577,10,12,11,14,12,14,11,12,10,14,9,11,11,13,0,0,0,0,0,0,0.27944404,0.69366294,7.2175593,1,0.69366294,0.27944404,7.2175593,51,59713643048,50,0.0010023117065429688,0.0010023117065429688,0.014070749282836914
72,59,5.9,5,6,1.3792140660541399,9,13,9,10,11,14,10,12,10,11,9,13,12,14,0,0,0,0,0,0,0.33621436,0.7520861,9.47785,1,0.7520861,0.33621436,9.47785,52,59713643048,50,0.00099945068359375,0.00099945068359375,0.008001565933227539
73,33,3.3,5,6,1.3792140660541399,9,10,12,14,12,14,10,12,9,11,10,11,10,12,0,0,0,0,0,0,0.1794758,0.77675766,4.7684026,1,0.77675766,0.1794758,4.7684026,53,59713643048,50,0.0020089149475097656,0.0020089149475097656,0.012998819351196289
74,34,3.4,5,6,1.3792140660541399,9,13,9,11,10,14,11,13,9,13,11,14,0,0,0,0,0,0,0,0,0.28828573,0.81232077,8.886176,1,0.81232077,0.28828573,8.886176,54,59713643048,50,0.0,0.0,0.011989593505859375
75,59,5.9,5,6,1.3792140660541399,9,10,12,14,12,14,11,13,9,11,9,10,11,12,10,13,0,0,0,0,0.27000055,0.8801451,9.784668,1,0.8801451,0.27000055,9.784668,55,59713643048,50,0.0009815692901611328,0.0009815692901611328,0.010990619659423828
76,17,1.7,5,6,1.3792140660541399,10,13,11,14,10,11,10,12,11,12,0,0,0,0,0,0,0,0,0,0,0.0633371,0.9998294,3.917973,1,0.9998294,0.0633371,3.917973,56,59713643048,50,0.0019996166229248047,0.0019996166229248047,0.012000083923339844
77,34,3.4,5,6,1.3792140660541399,9,12,11,14,11,13,9,12,11,14,0,0,0,0,0,0,0,0,0,0,0.14262974,0.9412684,6.733902,1,0.9412684,0.14262974,6.733902,57,59713643048,50,0.0,0.0,0.015007257461547852
78,59,5.9,5,6,1.3792140660541399,9,10,12,14,10,12,10,11,9,11,9,10,12,14,10,12,0,0,0,0,0.22658826,0.89078206,8.653543,1,0.89078206,0.22658826,8.653543,58,59713643048,50,0.0010008811950683594,0.0010008811950683594,0.011028528213500977
79,34,3.4,5,6,1.3792140660541399,9,13,9,12,12,14,9,11,12,14,10,11,9,13,0,0,0,0,0,0,0.26081845,0.8830652,8.015446,1,0.8830652,0.26081845,8.015446,59,59713643048,50,0.001001119613647461,0.001001119613647461,0.011994123458862305
80,59,5.9,5,6,1.3792140660541399,9,10,12,14,12,14,11,13,9,10,9,11,9,10,10,13,0,0,0,0,0.27710438,0.86748224,10.326416,1,0.86748224,0.27710438,10.326416,60,59713643048,50,0.0,0.0,0.013001441955566406
81,33,3.3,5,6,1.3792140660541399,9,13,9,12,10,14,12,14,10,11,9,13,12,14,0,0,0,0,0,0,0.27141413,0.77581763,8.141331,1,0.77581763,0.27141413,8.141331,61,59713643048,50,0.0010089874267578125,0.0010089874267578125,0.015996694564819336
82,108,10.8,5,6,1.3792140660541399,9,12,12,13,9,11,11,12,9,13,9,13,0,0,0,0,0,0,0,0,0.21376494,0.9863904,8.998252,1,0.9863904,0.21376494,8.998252,62,59713643048,50,0.0,0.0,0.010990381240844727
83,34,3.4,5,6,1.3792140660541399,9,13,9,12,11,14,9,11,10,11,9,10,11,14,0,0,0,0,0,0,0.24513482,0.7866511,7.313581,1,0.7866511,0.24513482,7.313581,63,59713643048,50,0.0019981861114501953,0.0019981861114501953,0.013997554779052734
84,34,3.4,5,7,1.3792140660541399,9,13,9,12,11,14,11,13,9,13,11,14,0,0,0,0,0,0,0,0,0.2484982,0.72670126,8.739487,1,0.72670126,0.2484982,8.739487,41,59713643048,50,0.0,0.0,0.0020003318786621094
85,34,3.4,5,7,1.3792140660541399,9,13,9,12,11,14,12,14,10,11,9,13,11,14,0,0,0,0,0,0,0.31830657,0.56749743,6.114147,1,0.56749743,0.31830657,6.114147,23,59713643048,50,0.001001119613647461,0.001001119613647461,0.001993894577026367
86,17,1.7,5,7,1.3792140660541399,10,12,12,14,11,12,10,12,11,12,0,0,0,0,0,0,0,0,0,0,0.022942469,0.99575454,2.8603466,1,0.99575454,0.022942469,2.8603466,64,59713643048,50,0.0009996891021728516,0.0009996891021728516,0.014516830444335938
87,17,1.7,5,7,1.3792140660541399,10,11,11,14,10,11,10,12,11,12,0,0,0,0,0,0,0,0,0,0,0.028559968,0.9819522,2.9012847,1,0.9819522,0.028559968,2.9012847,65,59713643048,50,0.00099945068359375,0.00099945068359375,0.008999109268188477
88,34,3.4,5,7,1.3792140660541399,9,13,9,12,11,14,10,11,9,13,11,14,0,0,0,0,0,0,0,0,0.25535017,0.83814293,8.259587,1,0.83814293,0.25535017,8.259587,66,59713643048,50,0.0,0.0,0.013997316360473633
89,34,3.4,5,7,1.3792140660541399,9,13,9,12,11,14,12,13,10,11,9,13,11,14,0,0,0,0,0,0,0.24889623,0.80724126,8.037937,1,0.80724126,0.24889623,8.037937,67,59713643048,50,0.0010154247283935547,0.0010154247283935547,0.014002799987792969
90,34,3.4,5,7,1.3792140660541399,9,13,9,12,11,14,12,14,10,11,9,13,11,14,0,0,0,0,0,0,0.31830657,0.56749743,6.114147,1,0.56749743,0.31830657,6.114147,23,59713643048,50,0.001001119613647461,0.001001119613647461,0.00400543212890625
91,34,3.4,5,7,1.3792140660541399,9,13,9,12,11,14,12,14,10,11,9,13,11,14,0,0,0,0,0,0,0.31830657,0.56749743,6.114147,1,0.56749743,0.31830657,6.114147,23,59713643048,50,0.001001119613647461,0.001001119613647461,0.0020003318786621094
92,58,5.8,5,7,1.3792140660541399,9,10,12,14,12,14,10,12,11,12,9,11,10,11,10,11,0,0,0,0,0.21478482,0.86122364,8.114537,1,0.86122364,0.21478482,8.114537,68,59713643048,50,0.0,0.0,0.009999990463256836
93,33,3.3,5,7,1.3792140660541399,9,10,12,14,12,14,11,13,9,11,9,10,9,10,10,13,0,0,0,0,0.20620225,0.8851394,8.411544,1,0.8851394,0.20620225,8.411544,69,59713643048,50,0.0,0.0,0.008986473083496094
94,34,3.4,5,7,1.3792140660541399,9,13,9,12,11,14,12,14,9,13,11,14,0,0,0,0,0,0,0,0,0.2632109,0.84212166,8.621883,1,0.84212166,0.2632109,8.621883,70,59713643048,50,0.0,0.0,0.008992671966552734
95,34,3.4,5,7,1.3792140660541399,9,13,9,12,11,14,11,13,9,13,11,14,0,0,0,0,0,0,0,0,0.2484982,0.72670126,8.739487,1,0.72670126,0.2484982,8.739487,41,59713643048,50,0.0,0.0,0.0020029544830322266
96,34,3.4,5,8,1.3792140660541399,11,14,11,14,12,14,10,11,10,14,11,14,0,0,0,0,0,0,0,0,0.22437997,0.97182447,7.3670173,1,0.97182447,0.22437997,7.3670173,71,59713643048,50,0.0009932518005371094,0.0009932518005371094,0.012992143630981445
97,33,3.3,5,8,1.3792140660541399,9,13,9,12,12,13,10,12,9,10,10,11,10,11,0,0,0,0,0,0,0.20440277,0.76176804,5.244982,1,0.76176804,0.20440277,5.244982,72,59713643048,50,0.0,0.0,0.009993791580200195
98,34,3.4,5,8,1.3792140660541399,9,12,11,14,10,11,9,12,11,14,0,0,0,0,0,0,0,0,0,0,0.13015544,0.9783525,6.2752876,1,0.9783525,0.13015544,6.2752876,73,59713643048,50,0.0010004043579101562,0.0010004043579101562,0.010992050170898438
99,13,1.3,5,8,1.3792140660541399,10,11,11,14,10,11,9,11,11,12,0,0,0,0,0,0,0,0,0,0,0.029264525,0.9735757,2.7584283,1,0.9735757,0.029264525,2.7584283,74,59713643048,50,0.001997232437133789,0.001997232437133789,0.01599740982055664
100,16,1.6,5,8,1.3792140660541399,10,12,11,14,12,14,11,12,11,12,9,11,11,13,0,0,0,0,0,0,0.10462274,0.83477837,3.5431232,1,0.83477837,0.10462274,3.5431232,75,59713643048,50,0.0009944438934326172,0.0009944438934326172,0.013019561767578125
101,25,2.5,5,8,1.3792140660541399,10,11,11,14,10,13,9,11,11,12,0,0,0,0,0,0,0,0,0,0,0.08068235,0.9248638,4.3041806,1,0.9248638,0.08068235,4.3041806,76,59713643048,50,0.0010056495666503906,0.0010056495666503906,0.015025854110717773
102,33,3.3,5,8,1.3792140660541399,9,10,12,14,12,14,10,12,9,11,10,11,10,12,0,0,0,0,0,0,0.1794758,0.77675766,4.7684026,1,0.77675766,0.1794758,4.7684026,53,59713643048,50,0.0020089149475097656,0.0020089149475097656,0.003000020980834961
103,109,10.9,5,8,1.3792140660541399,9,12,12,13,9,11,11,12,10,12,9,13,0,0,0,0,0,0,0,0,0.15957972,0.8818859,8.082539,1,0.8818859,0.15957972,8.082539,33,59713643048,50,0.0010025501251220703,0.0010025501251220703,0.0020008087158203125
104,17,1.7,5,8,1.3792140660541399,9,10,12,14,11,12,11,12,11,14,0,0,0,0,0,0,0,0,0,0,0.0,0.9977209,2.8248916,1,0.9977209,0.0,2.8248916,77,59713643048,50,0.0009908676147460938,0.0009908676147460938,0.011999845504760742
105,109,10.9,5,8,1.3792140660541399,9,12,12,13,9,11,11,12,10,12,9,10,0,0,0,0,0,0,0,0,0.18471225,0.91307086,7.7037854,1,0.91307086,0.18471225,7.7037854,78,59713643048,50,0.0,0.0,0.0060045719146728516
106,17,1.7,5,8,1.3792140660541399,10,12,12,14,11,12,9,12,12,13,0,0,0,0,0,0,0,0,0,0,0.043334827,1.0044724,3.270662,1,1.0044724,0.043334827,3.270662,79,59713643048,50,0.0010085105895996094,0.0010085105895996094,0.0160062313079834
107,109,10.9,5,8,1.3792140660541399,9,12,12,13,9,11,11,12,9,10,9,10,10,11,0,0,0,0,0,0,0.2658174,0.8076981,9.365105,1,0.8076981,0.2658174,9.365105,80,59713643048,50,0.0010018348693847656,0.0010018348693847656,0.014006853103637695
108,17,1.7,5,9,1.3792140660541399,10,13,9,10,11,14,11,12,9,10,11,14,0,0,0,0,0,0,0,0,0.17017771,0.8223082,4.241335,1,0.8223082,0.17017771,4.241335,81,59713643048,50,0.0010080337524414062,0.0010080337524414062,0.008998870849609375
109,33,3.3,5,9,1.3792140660541399,9,11,11,14,11,13,10,14,11,14,0,0,0,0,0,0,0,0,0,0,0.13424928,0.9430261,6.461726,1,0.9430261,0.13424928,6.461726,82,59713643048,50,0.000997781753540039,0.000997781753540039,0.017014741897583008
110,28,2.8,5,9,1.3792140660541399,9,10,11,14,11,14,9,11,11,12,0,0,0,0,0,0,0,0,0,0,0.077218905,0.8801991,4.4020605,1,0.8801991,0.077218905,4.4020605,83,59713643048,50,0.0015034675598144531,0.0015034675598144531,0.011365413665771484
111,34,3.4,5,9,1.3792140660541399,9,13,9,12,11,12,11,12,11,13,9,13,11,14,0,0,0,0,0,0,0.2447416,0.8673331,7.7997565,1,0.8673331,0.2447416,7.7997565,84,59713643048,50,0.0009980201721191406,0.0009980201721191406,0.014010190963745117
112,34,3.4,5,9,1.3792140660541399,9,13,9,12,11,14,11,13,9,11,11,14,0,0,0,0,0,0,0,0,0.2457452,0.81426054,7.697685,1,0.81426054,0.2457452,7.697685,85,59713643048,50,0.001008749008178711,0.001008749008178711,0.01799488067626953
113,25,2.5,5,9,1.3792140660541399,9,10,11,14,10,14,9,11,11,12,0,0,0,0,0,0,0,0,0,0,0.08694737,0.86048275,4.6933346,1,0.86048275,0.08694737,4.6933346,86,59713643048,50,0.0,0.0,0.01800084114074707
114,17,1.7,5,9,1.3792140660541399,9,13,9,12,10,14,9,10,9,10,9,13,11,14,0,0,0,0,0,0,0.24300669,0.76573247,7.2864137,1,0.76573247,0.24300669,7.2864137,87,59713643048,50,0.0010004043579101562,0.0010004043579101562,0.008107662200927734
115,33,3.3,5,9,1.3792140660541399,9,10,12,14,11,12,11,12,11,14,0,0,0,0,0,0,0,0,0,0,0.020752624,1.0097222,3.5678685,1,1.0097222,0.020752624,3.5678685,88,59713643048,50,0.0,0.0,0.00700068473815918
116,34,3.4,5,9,1.3792140660541399,9,13,9,12,11,14,12,14,10,11,9,13,11,14,0,0,0,0,0,0,0.31830657,0.56749743,6.114147,1,0.56749743,0.31830657,6.114147,23,59713643048,50,0.001001119613647461,0.001001119613647461,0.0020003318786621094
117,34,3.4,5,9,1.3792140660541399,9,13,9,12,11,14,11,13,9,13,11,14,0,0,0,0,0,0,0,0,0.2484982,0.72670126,8.739487,1,0.72670126,0.2484982,8.739487,41,59713643048,50,0.0,0.0,0.005004405975341797
118,17,1.7,5,9,1.3792140660541399,9,12,11,14,12,14,10,11,9,13,11,14,0,0,0,0,0,0,0,0,0.21543334,0.93514675,6.2358675,1,0.93514675,0.21543334,6.2358675,89,59713643048,50,0.0010006427764892578,0.0010006427764892578,0.011999368667602539
119,33,3.3,5,9,1.3792140660541399,9,12,11,14,11,12,11,14,0,0,0,0,0,0,0,0,0,0,0,0,0.12575822,0.77129394,4.746707,1,0.77129394,0.12575822,4.746707,90,59713643048,50,0.0,0.0,0.011003255844116211
120,16,1.6,5,10,1.3792140660541399,10,12,11,14,12,14,11,12,11,12,9,11,11,13,0,0,0,0,0,0,0.10462274,0.83477837,3.5431232,1,0.83477837,0.10462274,3.5431232,75,59713643048,50,0.0009944438934326172,0.0009944438934326172,0.005007028579711914
121,25,2.5,5,10,1.3792140660541399,10,12,11,14,12,14,11,12,11,14,9,11,11,13,0,0,0,0,0,0,0.2814413,0.6188197,5.6927695,1,0.6188197,0.2814413,5.6927695,30,59713643048,50,0.0,0.0,0.0020079612731933594
122,33,3.3,5,10,1.3792140660541399,9,13,9,12,12,13,10,12,9,10,10,11,10,11,0,0,0,0,0,0,0.20440277,0.76176804,5.244982,1,0.76176804,0.20440277,5.244982,72,59713643048,50,0.0,0.0,0.0019958019256591797
123,16,1.6,5,10,1.3792140660541399,10,12,11,14,12,14,11,12,11,12,9,11,11,13,0,0,0,0,0,0,0.10462274,0.83477837,3.5431232,1,0.83477837,0.10462274,3.5431232,75,59713643048,50,0.0009944438934326172,0.0009944438934326172,0.0010004043579101562
124,34,3.4,5,10,1.3792140660541399,9,13,9,12,11,14,11,13,9,13,11,14,0,0,0,0,0,0,0,0,0.2484982,0.72670126,8.739487,1,0.72670126,0.2484982,8.739487,41,59713643048,50,0.0,0.0,0.0020101070404052734
125,34,3.4,5,10,1.3792140660541399,9,13,9,12,11,14,11,13,9,13,11,14,0,0,0,0,0,0,0,0,0.2484982,0.72670126,8.739487,1,0.72670126,0.2484982,8.739487,41,59713643048,50,0.0,0.0,0.001990795135498047
126,34,3.4,5,10,1.3792140660541399,9,13,9,12,11,14,12,13,9,10,9,13,11,14,0,0,0,0,0,0,0.24977027,0.78592694,7.9912395,1,0.78592694,0.24977027,7.9912395,91,59713643048,50,0.0009982585906982422,0.0009982585906982422,0.00900721549987793
127,33,3.3,5,10,1.3792140660541399,9,13,9,12,11,12,10,12,10,11,10,11,0,0,0,0,0,0,0,0,0.18652019,0.86297977,5.672578,1,0.86297977,0.18652019,5.672578,92,59713643048,50,0.0010006427764892578,0.0010006427764892578,0.011996030807495117
128,34,3.4,5,10,1.3792140660541399,9,13,9,12,11,14,11,13,9,13,11,14,0,0,0,0,0,0,0,0,0.2484982,0.72670126,8.739487,1,0.72670126,0.2484982,8.739487,41,59713643048,50,0.0,0.0,0.0009970664978027344
129,33,3.3,5,10,1.3792140660541399,9,12,11,14,11,12,11,14,0,0,0,0,0,0,0,0,0,0,0,0,0.12575822,0.77129394,4.746707,1,0.77129394,0.12575822,4.746707,90,59713643048,50,0.0,0.0,0.0009996891021728516
130,25,2.5,5,10,1.3792140660541399,9,13,10,12,11,14,11,12,11,14,11,14,0,0,0,0,0,0,0,0,0.22253397,0.88679683,6.729575,1,0.88679683,0.22253397,6.729575,93,59713643048,50,0.0,0.0,0.013998746871948242
131,33,3.3,5,10,1.3792140660541399,9,11,11,14,12,14,11,12,9,13,9,11,11,13,0,0,0,0,0,0,0.2041357,0.82392305,6.802303,1,0.82392305,0.2041357,6.802303,94,59713643048,50,0.002003908157348633,0.002003908157348633,0.010029315948486328
132,34,3.4,5,11,0.7365029732563666,10,13,9,12,11,14,11,13,9,13,11,12,0,0,0,0,0,0,0,0,0.3201781,0.85082597,9.1836195,1,0.85082597,0.3201781,9.1836195,95,59713643048,50,0.00099945068359375,0.00099945068359375,0.005994319915771484
133,12,1.2,5,11,0.7365029732563666,9,10,11,14,10,11,9,11,11,14,0,0,0,0,0,0,0,0,0,0,0.062547475,0.9467128,2.9061203,1,0.9467128,0.062547475,2.9061203,96,59713643048,50,0.0,0.0,0.008991718292236328
134,34,3.4,5,11,0.7365029732563666,9,13,9,12,11,14,11,13,9,13,11,14,0,0,0,0,0,0,0,0,0.2484982,0.72670126,8.739487,1,0.72670126,0.2484982,8.739487,41,59713643048,50,0.0,0.0,0.003012418746948242
135,34,3.4,5,11,0.7365029732563666,9,13,9,12,11,14,11,13,9,13,11,14,0,0,0,0,0,0,0,0,0.2484982,0.72670126,8.739487,1,0.72670126,0.2484982,8.739487,41,59713643048,50,0.0,0.0,0.0030133724212646484
136,34,3.4,5,11,0.7365029732563666,9,13,9,12,11,14,12,14,10,11,9,13,11,14,0,0,0,0,0,0,0.31830657,0.56749743,6.114147,1,0.56749743,0.31830657,6.114147,23,59713643048,50,0.001001119613647461,0.001001119613647461,0.0020012855529785156
137,34,3.4,5,11,0.7365029732563666,9,13,9,12,11,14,12,14,10,11,9,13,11,14,0,0,0,0,0,0,0.31830657,0.56749743,6.114147,1,0.56749743,0.31830657,6.114147,23,59713643048,50,0.001001119613647461,0.001001119613647461,0.0035393238067626953
138,13,1.3,5,11,0.7365029732563666,10,13,10,13,11,14,9,13,9,10,11,12,0,0,0,0,0,0,0,0,0.2902276,0.8283316,6.649171,1,0.8283316,0.2902276,6.649171,97,59713643048,50,0.0,0.0,0.012013673782348633
139,34,3.4,5,11,0.7365029732563666,11,14,10,12,11,14,0,0,0,0,0,0,0,0,0,0,0,0,0,0,0.1482908,0.8700871,3.5452,1,0.8700871,0.1482908,3.5452,98,59713643048,50,0.0,0.0,0.014002799987792969
140,34,3.4,5,11,0.7365029732563666,9,10,12,14,11,12,11,12,11,14,0,0,0,0,0,0,0,0,0,0,0.031804204,0.9770772,2.6516526,1,0.9770772,0.031804204,2.6516526,99,59713643048,50,0.0,0.0,0.009005546569824219
141,16,1.6,5,11,0.7365029732563666,9,12,9,12,11,14,11,13,9,12,11,14,0,0,0,0,0,0,0,0,0.31487465,0.8267132,7.8584776,1,0.8267132,0.31487465,7.8584776,100,59713643048,50,0.00099945068359375,0.00099945068359375,0.013991355895996094
142,34,3.4,5,11,0.7365029732563666,9,13,10,13,11,14,10,11,9,13,10,11,0,0,0,0,0,0,0,0,0.31132054,0.84806657,9.037354,1,0.84806657,0.31132054,9.037354,101,59713643048,50,0.0,0.0,0.010999679565429688
143,13,1.3,5,11,0.7365029732563666,9,10,11,14,9,11,10,11,11,14,0,0,0,0,0,0,0,0,0,0,0.058588207,0.93608886,3.2808228,1,0.93608886,0.058588207,3.2808228,102,59713643048,50,0.0,0.0,0.010001182556152344
144,34,3.4,5,12,0.7365029732563666,9,10,12,14,11,12,11,12,11,14,0,0,0,0,0,0,0,0,0,0,0.031804204,0.9770772,2.6516526,1,0.9770772,0.031804204,2.6516526,99,59713643048,50,0.0,0.0,0.002014636993408203
145,17,1.7,5,12,0.7365029732563666,9,10,12,14,11,12,11,12,11,14,0,0,0,0,0,0,0,0,0,0,0.0,0.9977209,2.8248916,1,0.9977209,0.0,2.8248916,77,59713643048,50,0.0009908676147460938,0.0009908676147460938,0.0029942989349365234
146,34,3.4,5,12,0.7365029732563666,9,13,9,12,11,14,11,13,9,13,11,14,0,0,0,0,0,0,0,0,0.2484982,0.72670126,8.739487,1,0.72670126,0.2484982,8.739487,41,59713643048,50,0.0,0.0,0.003985166549682617
147,34,3.4,5,12,0.7365029732563666,9,13,9,12,11,14,11,13,9,13,11,14,0,0,0,0,0,0,0,0,0.2484982,0.72670126,8.739487,1,0.72670126,0.2484982,8.739487,41,59713643048,50,0.0,0.0,0.00452733039855957
148,34,3.4,5,12,0.7365029732563666,9,10,12,14,11,12,11,12,11,14,0,0,0,0,0,0,0,0,0,0,0.031804204,0.9770772,2.6516526,1,0.9770772,0.031804204,2.6516526,99,59713643048,50,0.0,0.0,0.0019996166229248047
149,17,1.7,5,12,0.7365029732563666,9,10,12,14,11,12,11,12,11,14,0,0,0,0,0,0,0,0,0,0,0.0,0.9977209,2.8248916,1,0.9977209,0.0,2.8248916,77,59713643048,50,0.0009908676147460938,0.0009908676147460938,0.0009996891021728516
150,34,3.4,5,12,0.7365029732563666,9,13,9,12,11,14,12,14,10,11,9,13,11,14,0,0,0,0,0,0,0.31830657,0.56749743,6.114147,1,0.56749743,0.31830657,6.114147,23,59713643048,50,0.001001119613647461,0.001001119613647461,0.0010006427764892578
151,34,3.4,5,12,0.7365029732563666,9,13,9,12,11,14,11,13,9,13,11,14,0,0,0,0,0,0,0,0,0.2484982,0.72670126,8.739487,1,0.72670126,0.2484982,8.739487,41,59713643048,50,0.0,0.0,0.0020134449005126953
152,34,3.4,5,12,0.7365029732563666,9,13,9,12,11,14,11,13,10,11,9,13,11,14,0,0,0,0,0,0,0.3428734,0.7942621,9.651727,1,0.7942621,0.3428734,9.651727,103,59713643048,50,0.0,0.0,0.01201319694519043
153,16,1.6,5,12,0.7365029732563666,9,10,12,14,10,11,11,12,11,14,0,0,0,0,0,0,0,0,0,0,0.0029590428,1.0269626,1.7942034,1,1.0269626,0.0029590428,1.7942034,104,59713643048,50,0.0009801387786865234,0.0009801387786865234,0.014004945755004883
154,33,3.3,5,12,0.7365029732563666,9,13,10,13,11,14,12,14,10,11,11,14,0,0,0,0,0,0,0,0,0.29788274,0.8275564,8.218958,1,0.8275564,0.29788274,8.218958,105,59713643048,50,0.0009891986846923828,0.0009891986846923828,0.016997575759887695
155,33,3.3,5,12,0.7365029732563666,9,12,11,14,10,11,11,14,11,14,0,0,0,0,0,0,0,0,0,0,0.16596057,0.96497464,6.2675166,1,0.96497464,0.16596057,6.2675166,106,59713643048,50,0.0,0.0,0.0069997310638427734
156,34,3.4,5,13,0.7365029732563666,9,13,9,12,11,14,11,13,9,13,11,14,0,0,0,0,0,0,0,0,0.2484982,0.72670126,8.739487,1,0.72670126,0.2484982,8.739487,41,59713643048,50,0.0,0.0,0.004979133605957031
157,34,3.4,5,13,0.7365029732563666,9,13,9,12,11,14,11,13,9,13,11,14,0,0,0,0,0,0,0,0,0.2484982,0.72670126,8.739487,1,0.72670126,0.2484982,8.739487,41,59713643048,50,0.0,0.0,0.0070149898529052734
158,28,2.8,5,13,0.7365029732563666,9,13,9,12,11,14,12,14,9,10,9,13,11,14,0,0,0,0,0,0,0.32418275,0.77673167,9.15305,1,0.77673167,0.32418275,9.15305,107,59713643048,50,0.000997304916381836,0.000997304916381836,0.011528730392456055
159,33,3.3,5,13,0.7365029732563666,9,10,11,14,11,14,10,11,11,12,0,0,0,0,0,0,0,0,0,0,0.08926655,0.88525033,3.7123263,1,0.88525033,0.08926655,3.7123263,108,59713643048,50,0.0010008811950683594,0.0010008811950683594,0.011997222900390625
160,17,1.7,5,13,0.7365029732563666,9,10,11,14,11,12,10,13,11,14,0,0,0,0,0,0,0,0,0,0,0.086095184,0.950398,3.4992607,1,0.950398,0.086095184,3.4992607,109,59713643048,50,0.0010023117065429688,0.0010023117065429688,0.009009599685668945
161,33,3.3,5,13,0.7365029732563666,9,13,9,12,11,14,12,14,10,11,9,10,11,14,0,0,0,0,0,0,0.27201694,0.779224,7.8408165,1,0.779224,0.27201694,7.8408165,110,59713643048,50,0.0009980201721191406,0.0009980201721191406,0.012989521026611328
162,34,3.4,5,13,0.7365029732563666,9,13,9,12,11,14,12,14,10,11,9,13,11,14,0,0,0,0,0,0,0.31830657,0.56749743,6.114147,1,0.56749743,0.31830657,6.114147,23,59713643048,50,0.001001119613647461,0.001001119613647461,0.0050144195556640625
163,34,3.4,5,13,0.7365029732563666,9,13,9,12,11,14,12,14,10,11,9,13,11,14,0,0,0,0,0,0,0.31830657,0.56749743,6.114147,1,0.56749743,0.31830657,6.114147,23,59713643048,50,0.001001119613647461,0.001001119613647461,0.005026340484619141
164,16,1.6,5,13,0.7365029732563666,9,12,11,14,10,11,9,13,11,14,0,0,0,0,0,0,0,0,0,0,0.17309675,0.95747286,5.8024406,1,0.95747286,0.17309675,5.8024406,111,59713643048,50,0.0009968280792236328,0.0009968280792236328,0.012999773025512695
165,33,3.3,5,13,0.7365029732563666,9,13,12,14,9,11,10,11,11,14,0,0,0,0,0,0,0,0,0,0,0.13720518,0.95564,5.8126526,1,0.95564,0.13720518,5.8126526,112,59713643048,50,0.0009958744049072266,0.0009958744049072266,0.01201319694519043
166,16,1.6,5,13,0.7365029732563666,9,12,12,14,11,12,11,12,11,14,0,0,0,0,0,0,0,0,0,0,0.038122416,0.9950719,2.8206377,1,0.9950719,0.038122416,2.8206377,113,59713643048,50,0.0025446414947509766,0.0025446414947509766,0.014557361602783203
167,34,3.4,5,13,0.7365029732563666,9,12,11,14,9,11,9,13,11,14,0,0,0,0,0,0,0,0,0,0,0.25397998,0.93421334,8.360704,1,0.93421334,0.25397998,8.360704,114,59713643048,50,0.0009992122650146484,0.0009992122650146484,0.015008211135864258
168,25,2.5,5,14,0.7365029732563666,10,14,9,11,11,14,12,14,11,12,9,13,10,12,11,12,0,0,0,0,0.23243558,0.90412474,8.845611,1,0.90412474,0.23243558,8.845611,115,59713643048,50,0.0010082721710205078,0.0010082721710205078,0.006002664566040039
169,34,3.4,5,14,0.7365029732563666,10,12,11,14,11,13,10,14,11,14,0,0,0,0,0,0,0,0,0,0,0.21482682,0.9528183,7.3083935,1,0.9528183,0.21482682,7.3083935,116,59713643048,50,0.0010063648223876953,0.0010063648223876953,0.013989448547363281
170,34,3.4,5,14,0.7365029732563666,9,13,9,12,11,14,12,13,10,11,9,13,11,14,0,0,0,0,0,0,0.24889623,0.80724126,8.037937,1,0.80724126,0.24889623,8.037937,67,59713643048,50,0.0010154247283935547,0.0010154247283935547,0.0039997100830078125
171,34,3.4,5,14,0.7365029732563666,9,13,9,12,11,14,11,13,9,13,11,14,0,0,0,0,0,0,0,0,0.2484982,0.72670126,8.739487,1,0.72670126,0.2484982,8.739487,41,59713643048,50,0.0,0.0,0.0019974708557128906
172,28,2.8,5,14,0.7365029732563666,9,10,11,14,11,14,9,11,11,12,0,0,0,0,0,0,0,0,0,0,0.077218905,0.8801991,4.4020605,1,0.8801991,0.077218905,4.4020605,83,59713643048,50,0.0015034675598144531,0.0015034675598144531,0.0030059814453125
173,33,3.3,5,14,0.7365029732563666,9,12,11,14,11,12,11,14,0,0,0,0,0,0,0,0,0,0,0,0,0.12575822,0.77129394,4.746707,1,0.77129394,0.12575822,4.746707,90,59713643048,50,0.0,0.0,0.001999378204345703
174,25,2.5,5,14,0.7365029732563666,9,13,10,11,11,14,12,14,11,12,11,14,9,10,11,13,0,0,0,0,0.23750749,0.8783388,7.5844846,1,0.8783388,0.23750749,7.5844846,117,59713643048,50,0.0,0.0,0.01299905776977539
175,34,3.4,5,14,0.7365029732563666,9,12,11,14,12,14,10,11,9,13,11,14,0,0,0,0,0,0,0,0,0.2992956,0.87745446,8.101011,1,0.87745446,0.2992956,8.101011,118,59713643048,50,0.0,0.0,0.007000446319580078
176,34,3.4,5,14,0.7365029732563666,9,13,9,12,11,14,11,13,9,13,11,14,0,0,0,0,0,0,0,0,0.2484982,0.72670126,8.739487,1,0.72670126,0.2484982,8.739487,41,59713643048,50,0.0,0.0,0.0020122528076171875
177,34,3.4,5,14,0.7365029732563666,9,13,9,12,11,14,11,13,9,13,11,14,0,0,0,0,0,0,0,0,0.2484982,0.72670126,8.739487,1,0.72670126,0.2484982,8.739487,41,59713643048,50,0.0,0.0,0.003535032272338867
178,17,1.7,5,14,0.7365029732563666,10,13,9,10,11,14,11,12,9,10,11,14,0,0,0,0,0,0,0,0,0.17017771,0.8223082,4.241335,1,0.8223082,0.17017771,4.241335,81,59713643048,50,0.0010080337524414062,0.0010080337524414062,0.004010915756225586
179,25,2.5,5,14,0.7365029732563666,10,12,11,14,12,14,11,12,11,14,9,11,11,13,0,0,0,0,0,0,0.2814413,0.6188197,5.6927695,1,0.6188197,0.2814413,5.6927695,30,59713643048,50,0.0,0.0,0.0009961128234863281
180,34,3.4,5,15,0.7365029732563666,9,13,9,12,10,14,12,14,11,12,9,13,11,14,0,0,0,0,0,0,0.35443544,0.81284255,10.312373,1,0.81284255,0.35443544,10.312373,119,59713643048,50,0.001009225845336914,0.001009225845336914,0.012999296188354492
181,21,2.1,5,15,0.7365029732563666,9,10,12,14,9,10,11,12,11,14,0,0,0,0,0,0,0,0,0,0,0.010485232,0.9905554,2.2433486,1,0.9905554,0.010485232,2.2433486,120,59713643048,50,0.0010173320770263672,0.0010173320770263672,0.013999462127685547
182,34,3.4,5,15,0.7365029732563666,9,13,9,12,11,14,12,14,10,11,9,13,11,14,0,0,0,0,0,0,0.31830657,0.56749743,6.114147,1,0.56749743,0.31830657,6.114147,23,59713643048,50,0.001001119613647461,0.001001119613647461,0.004000425338745117
183,34,3.4,5,15,0.7365029732563666,9,13,9,12,11,14,12,14,10,11,9,13,11,14,0,0,0,0,0,0,0.31830657,0.56749743,6.114147,1,0.56749743,0.31830657,6.114147,23,59713643048,50,0.001001119613647461,0.001001119613647461,0.0009932518005371094
184,17,1.7,5,15,0.7365029732563666,10,12,9,10,11,14,9,10,11,12,9,10,11,14,0,0,0,0,0,0,0.16469826,0.7403939,4.156434,1,0.7403939,0.16469826,4.156434,121,59713643048,50,0.0019991397857666016,0.0019991397857666016,0.012997865676879883
185,33,3.3,5,15,0.7365029732563666,9,13,9,12,11,14,10,11,9,13,11,14,0,0,0,0,0,0,0,0,0.3545878,0.83516145,9.672264,1,0.83516145,0.3545878,9.672264,122,59713643048,50,0.0,0.0,0.01299595832824707
186,34,3.4,5,15,0.7365029732563666,9,13,9,12,11,14,12,14,9,10,9,13,11,14,0,0,0,0,0,0,0.341069,0.7797812,9.6830845,1,0.7797812,0.341069,9.6830845,123,59713643048,50,0.0,0.0,0.010999679565429688
187,17,1.7,5,15,0.7365029732563666,10,13,9,10,11,14,11,12,9,10,11,14,0,0,0,0,0,0,0,0,0.17017771,0.8223082,4.241335,1,0.8223082,0.17017771,4.241335,81,59713643048,50,0.0010080337524414062,0.0010080337524414062,0.0035262107849121094
188,34,3.4,5,15,0.7365029732563666,9,13,9,12,11,14,12,14,10,11,9,13,11,14,0,0,0,0,0,0,0.31830657,0.56749743,6.114147,1,0.56749743,0.31830657,6.114147,23,59713643048,50,0.001001119613647461,0.001001119613647461,0.001999378204345703
189,17,1.7,5,15,0.7365029732563666,9,10,12,14,11,12,11,12,11,14,0,0,0,0,0,0,0,0,0,0,0.0,0.9977209,2.8248916,1,0.9977209,0.0,2.8248916,77,59713643048,50,0.0009908676147460938,0.0009908676147460938,0.0050182342529296875
190,16,1.6,5,15,0.7365029732563666,9,10,12,14,10,11,11,12,11,14,0,0,0,0,0,0,0,0,0,0,0.0029590428,1.0269626,1.7942034,1,1.0269626,0.0029590428,1.7942034,104,59713643048,50,0.0009801387786865234,0.0009801387786865234,0.004016876220703125
191,17,1.7,5,15,0.7365029732563666,9,10,12,14,10,11,11,12,11,14,0,0,0,0,0,0,0,0,0,0,0.004486859,1.0230266,1.8526295,1,1.0230266,0.004486859,1.8526295,124,59713643048,50,0.0009965896606445312,0.0009965896606445312,0.009994029998779297
192,17,1.7,5,16,0.7365029732563666,10,13,9,11,12,14,9,11,11,12,9,10,11,14,0,0,0,0,0,0,0.1992142,0.7683213,5.072387,1,0.7683213,0.1992142,5.072387,125,59713643048,50,0.001004934310913086,0.001004934310913086,0.015003204345703125
193,34,3.4,5,16,0.7365029732563666,9,10,10,14,10,14,11,14,0,0,0,0,0,0,0,0,0,0,0,0,0.23401223,0.722197,6.6673784,1,0.722197,0.23401223,6.6673784,126,59713643048,50,0.0,0.0,0.016011714935302734
194,17,1.7,5,16,0.7365029732563666,9,11,9,10,11,14,11,12,10,11,11,14,0,0,0,0,0,0,0,0,0.19113748,0.7815871,4.004364,1,0.7815871,0.19113748,4.004364,127,59713643048,50,0.0010001659393310547,0.0010001659393310547,0.008986234664916992
195,15,1.5,5,16,0.7365029732563666,9,10,12,14,10,11,9,10,11,14,0,0,0,0,0,0,0,0,0,0,0.019651562,1.0050099,1.8658633,1,1.0050099,0.019651562,1.8658633,128,59713643048,50,0.000995635986328125,0.000995635986328125,0.011015653610229492
196,18,1.8,5,16,0.7365029732563666,9,10,12,14,11,12,11,14,11,14,0,0,0,0,0,0,0,0,0,0,0.050883412,0.9907853,2.547475,1,0.9907853,0.050883412,2.547475,129,59713643048,50,0.0,0.0,0.008375406265258789
197,32,3.2,5,16,0.7365029732563666,9,12,9,12,10,14,12,14,10,11,9,10,11,14,0,0,0,0,0,0,0.26958,0.7641768,7.8310575,1,0.7641768,0.26958,7.8310575,130,59713643048,50,0.0010120868682861328,0.0010120868682861328,0.017993927001953125
198,33,3.3,5,16,0.7365029732563666,9,12,9,10,12,14,10,11,9,10,11,14,0,0,0,0,0,0,0,0,0.19581127,0.7672669,4.7050915,1,0.7672669,0.19581127,4.7050915,131,59713643048,50,0.0010023117065429688,0.0010023117065429688,0.01800704002380371
199,16,1.6,5,16,0.7365029732563666,9,12,11,14,12,14,10,11,11,14,11,14,0,0,0,0,0,0,0,0,0.24859498,0.906113,6.175436,1,0.906113,0.24859498,6.175436,132,59713643048,50,0.0010001659393310547,0.0010001659393310547,0.013998746871948242
200,34,3.4,5,16,0.7365029732563666,9,13,9,12,11,14,11,13,9,13,11,14,0,0,0,0,0,0,0,0,0.2484982,0.72670126,8.739487,1,0.72670126,0.2484982,8.739487,41,59713643048,50,0.0,0.0,0.000997781753540039
201,17,1.7,5,16,0.7365029732563666,12,14,11,12,11,12,11,14,0,0,0,0,0,0,0,0,0,0,0,0,0.09036359,0.9319706,1.6112393,1,0.9319706,0.09036359,1.6112393,133,59713643048,50,0.0,0.0,0.013002634048461914
202,16,1.6,5,16,0.7365029732563666,9,10,12,14,10,11,10,12,11,14,0,0,0,0,0,0,0,0,0,0,0.034178853,0.98920673,2.2776625,1,0.98920673,0.034178853,2.2776625,134,59713643048,50,0.0009992122650146484,0.0009992122650146484,0.012012958526611328
203,17,1.7,5,16,0.7365029732563666,9,10,11,14,11,12,10,11,11,14,0,0,0,0,0,0,0,0,0,0,0.03748402,0.9784242,2.4157379,1,0.9784242,0.03748402,2.4157379,135,59713643048,50,0.0,0.0,0.007513999938964844
204,34,3.4,5,17,0.7365029732563666,9,13,9,12,11,14,12,14,10,11,9,13,11,14,0,0,0,0,0,0,0.31830657,0.56749743,6.114147,1,0.56749743,0.31830657,6.114147,23,59713643048,50,0.001001119613647461,0.001001119613647461,0.0019845962524414062
205,33,3.3,5,17,0.7365029732563666,9,12,11,14,11,12,11,14,0,0,0,0,0,0,0,0,0,0,0,0,0.12575822,0.77129394,4.746707,1,0.77129394,0.12575822,4.746707,90,59713643048,50,0.0,0.0,0.004003286361694336
206,34,3.4,5,17,0.7365029732563666,9,10,11,14,9,11,11,12,9,10,11,14,0,0,0,0,0,0,0,0,0.1738971,0.855763,4.9262376,1,0.855763,0.1738971,4.9262376,136,59713643048,50,0.0,0.0,0.00800013542175293
207,16,1.6,5,17,0.7365029732563666,9,12,9,12,11,14,9,10,10,14,11,14,0,0,0,0,0,0,0,0,0.32081178,0.84921503,7.950604,1,0.84921503,0.32081178,7.950604,137,59713643048,50,0.0,0.0,0.012993097305297852
208,33,3.3,5,17,0.7365029732563666,9,11,9,10,11,14,10,13,11,14,0,0,0,0,0,0,0,0,0,0,0.20611493,0.83757573,6.362064,1,0.83757573,0.20611493,6.362064,138,59713643048,50,0.0010051727294921875,0.0010051727294921875,0.008989095687866211
209,17,1.7,5,17,0.7365029732563666,9,10,10,14,10,11,11,14,0,0,0,0,0,0,0,0,0,0,0,0,0.15089409,0.8152207,2.96536,1,0.8152207,0.15089409,2.96536,139,59713643048,50,0.0010013580322265625,0.0010013580322265625,0.019001483917236328
210,34,3.4,5,17,0.7365029732563666,10,14,9,12,11,14,12,14,10,11,11,14,0,0,0,0,0,0,0,0,0.29545474,0.8361821,8.2755,1,0.8361821,0.29545474,8.2755,140,59713643048,50,0.001003265380859375,0.001003265380859375,0.0179746150970459
211,17,1.7,5,17,0.7365029732563666,12,14,11,12,9,13,11,14,0,0,0,0,0,0,0,0,0,0,0,0,0.17692056,0.86688685,4.1736474,1,0.86688685,0.17692056,4.1736474,141,59713643048,50,0.0,0.0,0.015513181686401367
212,17,1.7,5,17,0.7365029732563666,12,14,11,12,11,12,11,14,0,0,0,0,0,0,0,0,0,0,0,0,0.09036359,0.9319706,1.6112393,1,0.9319706,0.09036359,1.6112393,133,59713643048,50,0.0,0.0,0.002015829086303711
213,17,1.7,5,17,0.7365029732563666,12,14,11,12,11,12,11,14,0,0,0,0,0,0,0,0,0,0,0,0,0.09036359,0.9319706,1.6112393,1,0.9319706,0.09036359,1.6112393,133,59713643048,50,0.0,0.0,0.005002021789550781
214,34,3.4,5,17,0.7365029732563666,9,13,9,12,11,14,12,14,10,11,9,13,11,14,0,0,0,0,0,0,0.31830657,0.56749743,6.114147,1,0.56749743,0.31830657,6.114147,23,59713643048,50,0.001001119613647461,0.001001119613647461,0.003991603851318359
215,34,3.4,5,17,0.7365029732563666,9,13,9,12,11,14,12,14,10,11,9,13,11,14,0,0,0,0,0,0,0.31830657,0.56749743,6.114147,1,0.56749743,0.31830657,6.114147,23,59713643048,50,0.001001119613647461,0.001001119613647461,0.0030040740966796875
216,17,1.7,5,18,0.7365029732563666,10,14,12,14,12,13,10,11,11,14,0,0,0,0,0,0,0,0,0,0,0.07789391,1.0126219,3.5402155,1,1.0126219,0.07789391,3.5402155,142,59713643048,50,0.001005411148071289,0.001005411148071289,0.01600337028503418
217,34,3.4,5,18,0.7365029732563666,9,12,11,14,10,11,9,13,11,14,0,0,0,0,0,0,0,0,0,0,0.21911073,0.9522426,7.3005667,1,0.9522426,0.21911073,7.3005667,143,59713643048,50,0.0010249614715576172,0.0010249614715576172,0.01399993896484375
218,34,3.4,5,18,0.7365029732563666,9,13,9,10,11,14,11,13,10,11,9,10,11,14,0,0,0,0,0,0,0.27017045,0.7409364,7.1661434,1,0.7409364,0.27017045,7.1661434,144,59713643048,50,0.000988006591796875,0.000988006591796875,0.012000322341918945
219,15,1.5,5,18,0.7365029732563666,9,11,12,14,10,11,11,14,11,14,0,0,0,0,0,0,0,0,0,0,0.06615013,0.97329116,3.2423708,1,0.97329116,0.06615013,3.2423708,145,59713643048,50,0.0,0.0,0.012520313262939453
220,34,3.4,5,18,0.7365029732563666,9,13,9,12,11,14,12,14,10,11,9,13,11,14,0,0,0,0,0,0,0.31830657,0.56749743,6.114147,1,0.56749743,0.31830657,6.114147,23,59713643048,50,0.001001119613647461,0.001001119613647461,0.0030138492584228516
221,34,3.4,5,18,0.7365029732563666,9,13,9,12,11,14,12,14,10,11,9,13,11,14,0,0,0,0,0,0,0.31830657,0.56749743,6.114147,1,0.56749743,0.31830657,6.114147,23,59713643048,50,0.001001119613647461,0.001001119613647461,0.0009989738464355469
222,17,1.7,5,18,0.7365029732563666,12,14,11,12,11,14,11,14,0,0,0,0,0,0,0,0,0,0,0,0,0.15576653,0.8806271,3.2535815,1,0.8806271,0.15576653,3.2535815,146,59713643048,50,0.0009992122650146484,0.0009992122650146484,0.009991884231567383
223,37,3.7,5,18,0.7365029732563666,9,10,10,14,11,14,0,0,0,0,0,0,0,0,0,0,0,0,0,0,0.1680727,0.8198053,3.8285275,1,0.8198053,0.1680727,3.8285275,147,59713643048,50,0.0020020008087158203,0.0020020008087158203,0.016546249389648438
224,34,3.4,5,18,0.7365029732563666,11,14,12,13,9,13,11,14,0,0,0,0,0,0,0,0,0,0,0,0,0.19747865,0.82330763,5.93868,1,0.82330763,0.19747865,5.93868,148,59713643048,50,0.0010008811950683594,0.0010008811950683594,0.010989189147949219
225,34,3.4,5,18,0.7365029732563666,9,13,9,12,9,13,10,11,10,14,11,14,0,0,0,0,0,0,0,0,0.36219236,0.88501453,10.63188,1,0.88501453,0.36219236,10.63188,149,59713643048,50,0.0009982585906982422,0.0009982585906982422,0.01900029182434082
226,25,2.5,5,18,0.7365029732563666,9,11,11,14,12,14,11,12,11,14,9,11,11,13,0,0,0,0,0,0,0.21525261,0.81733704,6.1956935,1,0.81733704,0.21525261,6.1956935,150,59713643048,50,0.0,0.0,0.014000415802001953
227,17,1.7,5,18,0.7365029732563666,11,14,11,12,11,12,11,14,0,0,0,0,0,0,0,0,0,0,0,0,0.12634434,0.87546116,2.3291075,1,0.87546116,0.12634434,2.3291075,151,59713643048,50,0.0019986629486083984,0.0019986629486083984,0.02054429054260254
228,34,3.4,5,19,0.7365029732563666,12,14,12,14,10,11,9,12,11,14,0,0,0,0,0,0,0,0,0,0,0.1623744,1.0518212,5.6574507,1,1.0518212,0.1623744,5.6574507,152,59713643048,50,0.0009968280792236328,0.0009968280792236328,0.010000467300415039
229,17,1.7,5,19,0.7365029732563666,10,14,9,12,10,14,10,11,11,12,11,14,0,0,0,0,0,0,0,0,0.29152316,0.8604908,7.415673,1,0.8604908,0.29152316,7.415673,153,59713643048,50,0.0010116100311279297,0.0010116100311279297,0.012000560760498047
230,34,3.4,5,19,0.7365029732563666,9,10,11,14,10,11,10,11,11,14,0,0,0,0,0,0,0,0,0,0,0.07051632,0.95264924,3.7783608,1,0.95264924,0.07051632,3.7783608,154,59713643048,50,0.0,0.0,0.01600360870361328
231,15,1.5,5,19,0.7365029732563666,9,13,9,12,11,14,12,14,10,11,9,12,11,14,0,0,0,0,0,0,0.26371646,0.7798947,7.42735,1,0.7798947,0.26371646,7.42735,155,59713643048,50,0.0009906291961669922,0.0009906291961669922,0.009001016616821289
232,17,1.7,5,19,0.7365029732563666,12,14,11,12,11,12,11,14,0,0,0,0,0,0,0,0,0,0,0,0,0.09036359,0.9319706,1.6112393,1,0.9319706,0.09036359,1.6112393,133,59713643048,50,0.0,0.0,0.004006862640380859
233,17,1.7,5,19,0.7365029732563666,12,14,11,12,11,12,11,14,0,0,0,0,0,0,0,0,0,0,0,0,0.09036359,0.9319706,1.6112393,1,0.9319706,0.09036359,1.6112393,133,59713643048,50,0.0,0.0,0.002999544143676758
234,17,1.7,5,19,0.7365029732563666,12,14,11,12,11,12,11,14,0,0,0,0,0,0,0,0,0,0,0,0,0.09036359,0.9319706,1.6112393,1,0.9319706,0.09036359,1.6112393,133,59713643048,50,0.0,0.0,0.0009951591491699219
235,34,3.4,5,19,0.7365029732563666,9,10,10,14,10,14,11,14,0,0,0,0,0,0,0,0,0,0,0,0,0.23401223,0.722197,6.6673784,1,0.722197,0.23401223,6.6673784,126,59713643048,50,0.0,0.0,0.0020041465759277344
236,34,3.4,5,19,0.7365029732563666,9,13,9,12,11,14,12,14,10,11,9,13,11,14,0,0,0,0,0,0,0.31830657,0.56749743,6.114147,1,0.56749743,0.31830657,6.114147,23,59713643048,50,0.001001119613647461,0.001001119613647461,0.0020093917846679688
237,34,3.4,5,19,0.7365029732563666,9,13,9,12,11,14,12,14,10,11,9,13,11,14,0,0,0,0,0,0,0.31830657,0.56749743,6.114147,1,0.56749743,0.31830657,6.114147,23,59713643048,50,0.001001119613647461,0.001001119613647461,0.00399470329284668
238,17,1.7,5,19,0.7365029732563666,10,12,9,10,11,14,11,12,10,11,11,14,0,0,0,0,0,0,0,0,0.18381166,0.8134421,3.9568486,1,0.8134421,0.18381166,3.9568486,156,59713643048,50,0.000993490219116211,0.000993490219116211,0.016521215438842773
239,25,2.5,5,19,0.7365029732563666,10,12,11,14,12,14,11,12,11,14,9,11,11,13,0,0,0,0,0,0,0.2814413,0.6188197,5.6927695,1,0.6188197,0.2814413,5.6927695,30,59713643048,50,0.0,0.0,0.0049893856048583984
240,17,1.7,5,20,0.7365029732563666,11,14,10,11,11,12,11,14,0,0,0,0,0,0,0,0,0,0,0,0,0.13603212,0.84760195,2.473373,1,0.84760195,0.13603212,2.473373,157,59713643048,50,0.0010063648223876953,0.0010063648223876953,0.010003089904785156
241,34,3.4,5,20,0.7365029732563666,9,13,9,12,11,14,12,13,10,11,9,13,11,14,0,0,0,0,0,0,0.24889623,0.80724126,8.037937,1,0.80724126,0.24889623,8.037937,67,59713643048,50,0.0010154247283935547,0.0010154247283935547,0.004001617431640625
242,34,3.4,5,20,0.7365029732563666,9,13,9,10,10,14,10,11,9,13,11,14,0,0,0,0,0,0,0,0,0.3441319,0.7961052,9.562572,1,0.7961052,0.3441319,9.562572,158,59713643048,50,0.0019989013671875,0.0019989013671875,0.014993429183959961
243,34,3.4,5,20,0.7365029732563666,9,12,11,14,10,12,9,13,11,14,0,0,0,0,0,0,0,0,0,0,0.24963033,0.9324314,8.103339,1,0.9324314,0.24963033,8.103339,159,59713643048,50,0.0009870529174804688,0.0009870529174804688,0.010996818542480469
244,17,1.7,5,20,0.7365029732563666,12,14,10,11,11,12,11,14,0,0,0,0,0,0,0,0,0,0,0,0,0.106613144,0.9000238,1.6629659,1,0.9000238,0.106613144,1.6629659,160,59713643048,50,0.0010020732879638672,0.0010020732879638672,0.012023210525512695
245,16,1.6,5,20,0.7365029732563666,9,10,12,14,10,11,11,12,11,14,0,0,0,0,0,0,0,0,0,0,0.0029590428,1.0269626,1.7942034,1,1.0269626,0.0029590428,1.7942034,104,59713643048,50,0.0009801387786865234,0.0009801387786865234,0.003996610641479492
246,17,1.7,5,20,0.7365029732563666,12,14,11,12,11,12,11,14,0,0,0,0,0,0,0,0,0,0,0,0,0.09036359,0.9319706,1.6112393,1,0.9319706,0.09036359,1.6112393,133,59713643048,50,0.0,0.0,0.0035026073455810547
247,17,1.7,5,20,0.7365029732563666,10,14,11,12,11,12,11,14,0,0,0,0,0,0,0,0,0,0,0,0,0.13955027,0.83530843,3.0899825,1,0.83530843,0.13955027,3.0899825,161,59713643048,50,0.0,0.0,0.009999275207519531
248,34,3.4,5,20,0.7365029732563666,9,12,12,14,10,11,9,10,11,14,0,0,0,0,0,0,0,0,0,0,0.09975609,0.9617231,4.459278,1,0.9617231,0.09975609,4.459278,162,59713643048,50,0.0010023117065429688,0.0010023117065429688,0.018007993698120117
249,16,1.6,5,20,0.7365029732563666,10,14,10,14,12,14,10,11,11,14,11,14,0,0,0,0,0,0,0,0,0.2842753,0.93351626,7.5098867,1,0.93351626,0.2842753,7.5098867,163,59713643048,50,0.0010013580322265625,0.0010013580322265625,0.01200103759765625
250,16,1.6,5,20,0.7365029732563666,10,14,10,11,11,12,11,14,0,0,0,0,0,0,0,0,0,0,0,0,0.14773135,0.80889595,3.1444662,1,0.80889595,0.14773135,3.1444662,164,59713643048,50,0.0009992122650146484,0.0009992122650146484,0.01400899887084961
251,17,1.7,5,20,0.7365029732563666,9,10,12,14,11,12,11,12,11,14,0,0,0,0,0,0,0,0,0,0,0.0,0.9977209,2.8248916,1,0.9977209,0.0,2.8248916,77,59713643048,50,0.0009908676147460938,0.0009908676147460938,0.002006053924560547
252,34,3.4,5,21,0.7365029732563666,9,10,10,14,10,14,11,14,0,0,0,0,0,0,0,0,0,0,0,0,0.23401223,0.722197,6.6673784,1,0.722197,0.23401223,6.6673784,126,59713643048,50,0.0,0.0,0.002000093460083008
253,34,3.4,5,21,0.7365029732563666,9,10,10,14,10,14,11,14,0,0,0,0,0,0,0,0,0,0,0,0,0.23401223,0.722197,6.6673784,1,0.722197,0.23401223,6.6673784,126,59713643048,50,0.0,0.0,0.005009651184082031
254,34,3.4,5,21,0.7365029732563666,9,13,9,12,11,14,12,14,10,11,9,13,11,14,0,0,0,0,0,0,0.31830657,0.56749743,6.114147,1,0.56749743,0.31830657,6.114147,23,59713643048,50,0.001001119613647461,0.001001119613647461,0.0039997100830078125
255,34,3.4,5,21,0.7365029732563666,9,13,9,12,11,14,12,14,10,11,9,13,11,14,0,0,0,0,0,0,0.31830657,0.56749743,6.114147,1,0.56749743,0.31830657,6.114147,23,59713643048,50,0.001001119613647461,0.001001119613647461,0.004011392593383789
256,17,1.7,5,21,0.7365029732563666,9,10,12,14,11,12,11,12,11,14,0,0,0,0,0,0,0,0,0,0,0.0,0.9977209,2.8248916,1,0.9977209,0.0,2.8248916,77,59713643048,50,0.0009908676147460938,0.0009908676147460938,0.0019996166229248047
257,17,1.7,5,21,0.7365029732563666,9,10,12,14,11,12,11,12,11,14,0,0,0,0,0,0,0,0,0,0,0.0,0.9977209,2.8248916,1,0.9977209,0.0,2.8248916,77,59713643048,50,0.0009908676147460938,0.0009908676147460938,0.004000425338745117
258,34,3.4,5,21,0.7365029732563666,9,10,11,14,10,11,9,10,11,14,0,0,0,0,0,0,0,0,0,0,0.082936555,0.942642,4.0448914,1,0.942642,0.082936555,4.0448914,165,59713643048,50,0.0,0.0,0.03750801086425781
259,16,1.6,5,21,0.7365029732563666,9,12,9,11,12,14,12,13,10,11,11,14,11,14,0,0,0,0,0,0,0.19272448,0.7545185,4.685121,1,0.7545185,0.19272448,4.685121,166,59713643048,50,0.001001596450805664,0.001001596450805664,0.010002374649047852
260,17,1.7,5,21,0.7365029732563666,12,14,10,11,11,12,11,14,0,0,0,0,0,0,0,0,0,0,0,0,0.106613144,0.9000238,1.6629659,1,0.9000238,0.106613144,1.6629659,160,59713643048,50,0.0010020732879638672,0.0010020732879638672,0.0019998550415039062
261,33,3.3,5,21,0.7365029732563666,9,10,10,14,10,14,11,14,0,0,0,0,0,0,0,0,0,0,0,0,0.23307173,0.7241719,6.587235,1,0.7241719,0.23307173,6.587235,167,59713643048,50,0.0,0.0,0.008002996444702148
262,34,3.4,5,21,0.7365029732563666,9,10,12,14,10,14,11,14,0,0,0,0,0,0,0,0,0,0,0,0,0.18411504,0.7572607,5.204042,1,0.7572607,0.18411504,5.204042,168,59713643048,50,0.0009970664978027344,0.0009970664978027344,0.014509439468383789
263,16,1.6,5,21,0.7365029732563666,9,10,9,13,11,14,0,0,0,0,0,0,0,0,0,0,0,0,0,0,0.15069251,0.81284726,2.639475,1,0.81284726,0.15069251,2.639475,169,59713643048,50,0.0,0.0,0.010998964309692383
