,robot_speed,robot_speed_kmh,simulation_duration,generation,robot_0_start,robot_0_end,robot_1_start,robot_1_end,robot_2_start,robot_2_end,robot_3_start,robot_3_end,robot_4_start,robot_4_end,robot_5_start,robot_5_end,robot_6_start,robot_6_end,robot_7_start,robot_7_end,robot_8_start,robot_8_end,robot_9_start,robot_9_end,num_risks,num_delivered,utilization_rate,delivery_rate,simulations,num_delivered_0,utilization_rate_0,delivery_rate_0,num_risks_0,unique_id_0,seed_0,requests_per_hour_0,execution_time_0,sequential_execution_time,execution_time
0,129,12.9,5,0,10,14,10,11,12,14,9,10,10,12,12,14,12,14,12,14,0,0,0,0,13.2,15.0,0.9347569444444443,0.3,1,15.0,0.9347569444444443,0.3,13.2,0,59713643048,50,123.43042635917664,123.43042635917664,0.0007014274597167969
1,50,5.0,5,0,9,10,12,14,12,14,9,13,10,12,10,11,12,13,12,14,0,0,0,0,7.6,11.0,0.9614149305555553,0.22,1,11.0,0.9614149305555553,0.22,7.6,1,59713643048,50,112.97578406333923,112.97578406333923,0.0003654956817626953
2,104,10.4,5,0,12,14,9,10,10,12,9,10,12,13,11,14,12,13,10,12,0,0,0,0,10.6,11.6,0.9451678240740738,0.232,1,11.6,0.9451678240740738,0.232,10.6,2,59713643048,50,118.28578543663025,118.28578543663025,0.00034928321838378906
3,62,6.2,5,0,12,13,9,13,11,14,11,14,11,13,11,12,12,14,10,12,9,10,0,0,10.6,14.8,0.9498328189300411,0.296,1,14.8,0.9498328189300411,0.296,10.6,3,59713643048,50,136.86682605743408,136.86682605743408,0.0003490447998046875
4,165,16.5,5,0,10,14,10,13,12,13,11,14,10,12,10,14,10,13,11,12,0,0,0,0,18.6,20.8,0.9652604166666666,0.416,1,20.8,0.9652604166666666,0.416,18.6,4,59713643048,50,86.37041091918945,86.37041091918945,0.0003402233123779297
5,161,16.1,5,0,12,14,9,11,11,13,11,12,11,14,10,11,9,11,9,10,11,14,0,0,13.0,16.8,0.9591975308641975,0.336,1,16.8,0.9591975308641975,0.336,13.0,5,59713643048,50,102.21419072151184,102.21419072151184,0.0003445148468017578
6,23,2.3,5,0,9,11,10,14,10,13,10,14,10,14,12,14,11,12,10,11,11,14,0,0,9.2,12.8,0.9553832304526748,0.256,1,12.8,0.9553832304526748,0.256,9.2,6,59713643048,50,155.2989308834076,155.2989308834076,0.00034165382385253906
7,120,12.0,5,0,10,12,10,13,11,14,10,14,11,13,10,12,11,13,11,13,12,14,11,13,22.6,22.6,0.9644027777777777,0.452,1,22.6,0.9644027777777777,0.452,22.6,7,59713643048,50,112.57806253433228,112.57806253433228,0.0003457069396972656
8,65,6.5,5,0,12,13,12,14,12,13,9,10,9,12,11,14,12,13,12,13,11,13,0,0,6.6,12.0,0.9381893004115225,0.24,1,12.0,0.9381893004115225,0.24,6.6,8,59713643048,50,133.9823522567749,133.9823522567749,0.00035572052001953125
9,112,11.2,5,0,11,12,9,11,12,14,9,10,9,12,12,13,11,14,10,11,11,14,9,12,17.2,18.6,0.960412037037037,0.372,1,18.6,0.960412037037037,0.372,17.2,9,59713643048,50,120.20915961265564,120.20915961265564,0.00035071372985839844
10,83,8.3,5,0,12,14,9,11,12,14,10,14,12,14,9,10,10,13,0,0,0,0,0,0,8.2,13.8,0.9531084656084655,0.276,1,13.8,0.9531084656084655,0.276,8.2,10,59713643048,50,109.53200721740723,109.53200721740723,0.0003380775451660156
11,125,12.5,5,0,11,13,11,13,10,14,12,14,9,10,11,14,11,14,12,14,10,12,0,0,15.4,20.2,0.9738065843621398,0.404,1,20.2,0.9738065843621398,0.404,15.4,11,59713643048,50,99.83346962928772,99.83346962928772,0.00040984153747558594
12,125,12.5,5,1,11,13,11,13,10,14,12,14,9,10,9,13,9,13,12,14,10,12,0,0,19.8,22.0,0.9715123456790121,0.44,1,22.0,0.9715123456790121,0.44,19.8,12,59713643048,50,103.32650899887085,103.32650899887085,0.00034356117248535156
13,165,16.5,5,1,10,14,10,13,12,13,11,14,10,12,11,14,10,13,0,0,0,0,0,0,15.6,19.0,0.9776421957671958,0.38,1,19.0,0.9776421957671958,0.38,15.6,13,59713643048,50,73.68771028518677,73.68771028518677,0.00033402442932128906
14,125,12.5,5,1,11,13,11,13,10,14,12,14,9,10,10,14,11,14,10,12,0,0,0,0,17.4,19.0,0.9743894675925925,0.38,1,19.0,0.9743894675925925,0.38,17.4,14,59713643048,50,102.92902684211731,102.92902684211731,0.0003387928009033203
15,50,5.0,5,1,9,10,12,14,12,14,9,13,10,11,10,11,12,14,12,14,0,0,0,0,7.8,11.0,0.951892361111111,0.22,1,11.0,0.951892361111111,0.22,7.8,15,59713643048,50,125.01739001274109,125.01739001274109,0.0003325939178466797
16,83,8.3,5,1,11,14,10,14,11,14,11,13,12,13,12,14,10,11,9,10,0,0,0,0,12.4,14.6,0.9630613425925925,0.292,1,14.6,0.9630613425925925,0.292,12.4,16,59713643048,50,108.47988152503967,108.47988152503967,0.0003337860107421875
17,42,4.2,5,1,9,11,9,11,12,14,10,14,10,12,9,10,10,13,0,0,0,0,0,0,8.4,11.2,0.9663822751322749,0.224,1,11.2,0.9663822751322749,0.224,8.4,17,59713643048,50,110.76379251480103,110.76379251480103,0.00035691261291503906
18,161,16.1,5,1,12,13,10,12,11,13,11,12,11,14,10,11,9,11,11,14,0,0,0,0,12.0,14.8,0.9595138888888888,0.296,1,14.8,0.9595138888888888,0.296,12.0,18,59713643048,50,92.7805449962616,92.7805449962616,0.0003478527069091797
19,165,16.5,5,1,10,14,10,12,12,13,11,14,10,12,10,14,11,14,0,0,0,0,0,0,15.0,18.8,0.9684126984126984,0.376,1,18.8,0.9684126984126984,0.376,15.0,19,59713643048,50,87.80852746963501,87.80852746963501,0.00033402442932128906
20,161,16.1,5,1,9,11,11,12,11,14,10,12,10,11,9,11,10,11,11,14,0,0,0,0,10.4,15.0,0.9784953703703703,0.3,1,15.0,0.9784953703703703,0.3,10.4,20,59713643048,50,74.43128824234009,74.43128824234009,0.0003437995910644531
21,50,5.0,5,1,12,14,12,14,11,14,9,10,9,11,9,10,12,13,11,14,0,0,0,0,9.4,11.0,0.9628414351851851,0.22,1,11.0,0.9628414351851851,0.22,9.4,21,59713643048,50,107.21934342384338,107.21934342384338,0.0003485679626464844
22,112,11.2,5,1,11,12,9,10,12,14,9,10,12,13,11,14,10,11,11,14,9,12,0,0,8.8,14.8,0.9559619341563784,0.296,1,14.8,0.9559619341563784,0.296,8.8,22,59713643048,50,116.08446288108826,116.08446288108826,0.00033545494079589844
23,50,5.0,5,1,9,10,12,14,12,14,9,13,9,11,9,11,10,11,11,12,11,14,0,0,13.8,13.2,0.9573816872427982,0.264,1,13.2,0.9573816872427982,0.264,13.8,23,59713643048,50,136.73118567466736,136.73118567466736,0.000335693359375
24,130,13.0,5,2,10,11,12,14,12,13,9,11,10,13,11,14,12,13,12,13,11,13,0,0,11.0,15.4,0.9696553497942385,0.308,1,15.4,0.9696553497942385,0.308,11.0,24,59713643048,50,86.71917772293091,86.71917772293091,0.00034117698669433594
25,63,6.3,5,2,11,14,10,11,12,13,9,10,9,11,12,14,12,14,12,14,0,0,0,0,7.4,11.0,0.9435069444444443,0.22,1,11.0,0.9435069444444443,0.22,7.4,25,59713643048,50,122.23290395736694,122.23290395736694,0.0003345012664794922
26,50,5.0,5,2,12,13,12,14,11,14,10,14,12,13,10,11,9,10,12,14,0,0,0,0,10.2,11.0,0.9640653935185182,0.22,1,11.0,0.9640653935185182,0.22,10.2,26,59713643048,50,112.20325255393982,112.20325255393982,0.00033473968505859375
27,62,6.2,5,2,9,10,9,13,11,14,9,12,12,13,12,14,10,11,9,12,0,0,0,0,11.0,14.4,0.956501736111111,0.288,1,14.4,0.956501736111111,0.288,11.0,27,59713643048,50,112.15630269050598,112.15630269050598,0.00034332275390625
28,40,4.0,5,2,9,10,9,11,9,11,12,13,11,14,9,10,10,11,0,0,0,0,0,0,5.0,7.2,0.9282142857142857,0.144,1,7.2,0.9282142857142857,0.144,5.0,28,59713643048,50,136.43618440628052,136.43618440628052,0.00033783912658691406
29,105,10.5,5,2,12,13,9,10,9,11,10,14,10,11,11,12,10,13,0,0,0,0,0,0,10.2,11.8,0.9584821428571428,0.236,1,11.8,0.9584821428571428,0.236,10.2,29,59713643048,50,99.37542605400085,99.37542605400085,0.0003349781036376953
30,62,6.2,5,2,10,11,9,13,11,14,9,11,9,10,12,14,11,12,11,13,9,10,0,0,10.0,13.0,0.9248122427983537,0.26,1,13.0,0.9248122427983537,0.26,10.0,30,59713643048,50,162.215637922287,162.215637922287,0.00034165382385253906
31,129,12.9,5,2,11,14,9,13,12,14,10,11,11,12,12,14,9,12,10,13,0,0,0,0,14.6,17.8,0.9547280092592592,0.356,1,17.8,0.9547280092592592,0.356,14.6,31,59713643048,50,111.17902112007141,111.17902112007141,0.00033473968505859375
32,23,2.3,5,2,9,11,10,14,11,14,10,13,11,14,12,14,10,11,11,12,11,14,0,0,9.8,12.0,0.949673353909465,0.24,1,12.0,0.949673353909465,0.24,9.8,32,59713643048,50,159.24167203903198,159.24167203903198,0.0003464221954345703
33,65,6.5,5,2,12,13,12,14,10,11,10,14,10,13,12,13,11,13,0,0,0,0,0,0,8.6,11.4,0.9595998677248675,0.228,1,11.4,0.9595998677248675,0.228,8.6,33,59713643048,50,91.44170236587524,91.44170236587524,0.0003333091735839844
34,49,4.9,5,2,12,13,9,10,11,14,11,12,11,13,9,12,10,12,9,10,0,0,0,0,7.0,10.4,0.9714699074074072,0.208,1,10.4,0.9714699074074072,0.208,7.0,34,59713643048,50,104.97164177894592,104.97164177894592,0.0003342628479003906
35,62,6.2,5,2,12,14,11,14,11,14,9,11,11,12,9,10,11,12,11,14,0,0,0,0,11.4,12.4,0.9252951388888888,0.248,1,12.4,0.9252951388888888,0.248,11.4,35,59713643048,50,146.01834154129028,146.01834154129028,0.0004246234893798828
36,61,6.1,5,3,11,14,9,13,11,14,9,11,11,12,11,12,11,14,0,0,0,0,0,0,10.6,13.4,0.9550859788359788,0.268,1,13.4,0.9550859788359788,0.268,10.6,36,59713643048,50,107.10475373268127,107.10475373268127,0.0003440380096435547
37,63,6.3,5,3,11,13,10,11,10,11,11,13,12,14,9,11,12,14,0,0,0,0,0,0,7.0,9.6,0.9688690476190474,0.192,1,9.6,0.9688690476190474,0.192,7.0,37,59713643048,50,90.99815583229065,90.99815583229065,0.00034117698669433594
38,104,10.4,5,3,10,14,9,12,12,13,9,10,10,14,12,13,10,12,0,0,0,0,0,0,13.6,14.6,0.9439682539682538,0.292,1,14.6,0.9439682539682538,0.292,13.6,38,59713643048,50,113.26439714431763,113.26439714431763,0.0003337860107421875
39,76,7.6,5,3,9,11,9,10,9,10,9,11,12,14,11,12,11,13,0,0,0,0,0,0,8.8,9.2,0.943095238095238,0.184,1,9.2,0.943095238095238,0.184,8.8,39,59713643048,50,112.31912350654602,112.31912350654602,0.00033545494079589844
40,65,6.5,5,3,12,13,12,14,12,13,9,10,9,12,11,14,12,13,12,13,11,13,0,0,6.6,12.0,0.9381893004115225,0.24,1,12.0,0.9381893004115225,0.24,6.6,8,59713643048,50,133.9823522567749,133.9823522567749,0.0003428459167480469
41,49,4.9,5,3,12,13,9,10,11,14,11,12,11,13,9,12,10,12,9,10,0,0,0,0,7.0,10.4,0.9714699074074072,0.208,1,10.4,0.9714699074074072,0.208,7.0,34,59713643048,50,104.97164177894592,104.97164177894592,0.000331878662109375
42,39,3.9,5,3,12,14,12,13,9,10,9,12,11,14,12,13,9,10,11,13,0,0,0,0,8.0,9.0,0.9286342592592591,0.18,1,9.0,0.9286342592592591,0.18,8.0,40,59713643048,50,148.4290406703949,148.4290406703949,0.00033664703369140625
43,65,6.5,5,3,12,13,9,10,9,10,9,11,11,14,9,11,12,13,0,0,0,0,0,0,7.8,9.0,0.9614484126984125,0.18,1,9.0,0.9614484126984125,0.18,7.8,41,59713643048,50,99.02883386611938,99.02883386611938,0.0003409385681152344
44,50,5.0,5,3,9,10,9,12,9,13,9,13,9,10,10,14,10,11,11,12,12,14,0,0,14.6,15.8,0.9626157407407406,0.316,1,15.8,0.9626157407407406,0.316,14.6,42,59713643048,50,134.32605004310608,134.32605004310608,0.0003364086151123047
45,40,4.0,5,3,12,13,11,13,9,11,11,12,11,12,9,10,10,11,0,0,0,0,0,0,4.8,6.2,0.926626984126984,0.124,1,6.2,0.926626984126984,0.124,4.8,43,59713643048,50,117.61401462554932,117.61401462554932,0.0003476142883300781
46,50,5.0,5,3,9,10,9,10,12,14,9,13,12,14,10,13,11,14,12,14,0,0,0,0,9.6,13.4,0.968070023148148,0.268,1,13.4,0.968070023148148,0.268,9.6,44,59713643048,50,124.52074718475342,124.52074718475342,0.0003428459167480469
47,49,4.9,5,3,12,13,11,13,11,14,11,12,10,11,9,10,0,0,0,0,0,0,0,0,6.2,6.6,0.9300231481481479,0.132,1,6.6,0.9300231481481479,0.132,6.2,45,59713643048,50,104.42607522010803,104.42607522010803,0.00033020973205566406
48,61,6.1,5,4,9,10,9,11,9,11,11,12,11,14,10,11,11,13,0,0,0,0,0,0,6.4,9.4,0.9521296296296295,0.188,1,9.4,0.9521296296296295,0.188,6.4,46,59713643048,50,111.44930052757263,111.44930052757263,0.0003361701965332031
49,40,4.0,5,4,9,10,9,13,11,14,9,10,9,10,11,14,9,10,9,10,0,0,0,0,6.0,10.0,0.9379687499999998,0.2,1,10.0,0.9379687499999998,0.2,6.0,47,59713643048,50,139.6480896472931,139.6480896472931,0.00033402442932128906
50,39,3.9,5,4,12,13,12,13,11,12,9,10,9,12,11,12,10,11,11,13,0,0,0,0,5.4,7.0,0.9004456018518516,0.14,1,7.0,0.9004456018518516,0.14,5.4,48,59713643048,50,162.64708542823792,162.64708542823792,0.0003323554992675781
51,65,6.5,5,4,12,14,11,13,9,11,10,11,11,14,9,10,11,12,0,0,0,0,0,0,7.2,9.6,0.9499007936507935,0.192,1,9.6,0.9499007936507935,0.192,7.2,49,59713643048,50,112.37692213058472,112.37692213058472,0.0003306865692138672
52,40,4.0,5,4,11,12,9,11,9,11,12,13,11,14,9,10,10,11,0,0,0,0,0,0,7.0,7.2,0.9282142857142857,0.144,1,7.2,0.9282142857142857,0.144,7.0,50,59713643048,50,133.70255279541016,133.70255279541016,0.0003285408020019531
53,40,4.0,5,4,9,10,11,13,9,11,11,12,11,12,9,10,10,11,0,0,0,0,0,0,4.8,6.2,0.926626984126984,0.124,1,6.2,0.926626984126984,0.124,4.8,51,59713643048,50,116.74794054031372,116.74794054031372,0.0003299713134765625
54,40,4.0,5,4,9,13,11,13,9,11,9,10,10,11,11,14,0,0,0,0,0,0,0,0,7.0,9.0,0.9406172839506173,0.18,1,9.0,0.9406172839506173,0.18,7.0,52,59713643048,50,111.49001431465149,111.49001431465149,0.0003294944763183594
55,62,6.2,5,4,12,14,9,12,9,11,9,10,11,14,9,10,11,12,0,0,0,0,0,0,9.6,10.4,0.9674404761904761,0.208,1,10.4,0.9674404761904761,0.208,9.6,53,59713643048,50,100.28635454177856,100.28635454177856,0.000354766845703125
56,62,6.2,5,4,10,11,9,13,11,14,9,11,9,10,12,14,11,12,11,13,9,10,0,0,10.0,13.0,0.9248122427983537,0.26,1,13.0,0.9248122427983537,0.26,10.0,30,59713643048,50,162.215637922287,162.215637922287,0.00034737586975097656
57,63,6.3,5,4,11,13,10,11,10,11,11,13,12,14,9,11,12,14,0,0,0,0,0,0,7.0,9.6,0.9688690476190474,0.192,1,9.6,0.9688690476190474,0.192,7.0,37,59713643048,50,90.99815583229065,90.99815583229065,0.00033211708068847656
58,44,4.4,5,4,12,13,11,12,11,14,11,12,11,14,10,11,10,11,0,0,0,0,0,0,7.0,7.6,0.9200529100529098,0.152,1,7.6,0.9200529100529098,0.152,7.0,54,59713643048,50,115.08817148208618,115.08817148208618,0.0003352165222167969
59,39,3.9,5,4,11,14,12,13,9,10,11,14,12,13,9,10,9,11,0,0,0,0,0,0,5.4,8.0,0.9410251322751321,0.16,1,8.0,0.9410251322751321,0.16,5.4,55,59713643048,50,123.65662789344788,123.65662789344788,0.00033283233642578125
60,40,4.0,5,5,9,10,10,12,9,10,9,10,11,14,9,10,10,11,11,12,0,0,0,0,4.2,7.0,0.9032465277777776,0.14,1,7.0,0.9032465277777776,0.14,4.2,56,59713643048,50,167.10714626312256,167.10714626312256,0.0003345012664794922
61,39,3.9,5,5,12,13,9,10,9,10,9,12,11,12,10,11,0,0,0,0,0,0,0,0,4.4,5.2,0.902222222222222,0.104,1,5.2,0.902222222222222,0.104,4.4,57,59713643048,50,120.78447437286377,120.78447437286377,0.0003294944763183594
62,40,4.0,5,5,12,13,11,13,9,11,11,12,11,12,9,10,10,11,0,0,0,0,0,0,4.8,6.2,0.926626984126984,0.124,1,6.2,0.926626984126984,0.124,4.8,43,59713643048,50,117.61401462554932,117.61401462554932,0.0003979206085205078
63,40,4.0,5,5,12,13,11,13,9,11,11,12,11,12,9,10,10,11,0,0,0,0,0,0,4.8,6.2,0.926626984126984,0.124,1,6.2,0.926626984126984,0.124,4.8,43,59713643048,50,117.61401462554932,117.61401462554932,0.0003294944763183594
64,40,4.0,5,5,11,12,9,11,9,11,12,13,11,14,9,10,10,11,0,0,0,0,0,0,7.0,7.2,0.9282142857142857,0.144,1,7.2,0.9282142857142857,0.144,7.0,50,59713643048,50,133.70255279541016,133.70255279541016,0.00034117698669433594
65,33,3.3,5,5,9,10,9,11,9,11,12,13,11,14,9,10,10,11,0,0,0,0,0,0,4.2,6.8,0.9455555555555553,0.136,1,6.8,0.9455555555555553,0.136,4.2,58,59713643048,50,112.45090770721436,112.45090770721436,0.0003466606140136719
66,40,4.0,5,5,12,13,11,13,9,11,11,12,11,12,9,10,10,11,0,0,0,0,0,0,4.8,6.2,0.926626984126984,0.124,1,6.2,0.926626984126984,0.124,4.8,43,59713643048,50,117.61401462554932,117.61401462554932,0.0003311634063720703
67,40,4.0,5,5,12,13,11,13,9,11,11,12,11,12,9,10,10,11,0,0,0,0,0,0,4.8,6.2,0.926626984126984,0.124,1,6.2,0.926626984126984,0.124,4.8,43,59713643048,50,117.61401462554932,117.61401462554932,0.0003337860107421875
68,43,4.3,5,5,12,13,11,12,11,12,9,10,9,11,12,13,9,10,10,12,0,0,0,0,5.6,6.6,0.9278298611111109,0.132,1,6.6,0.9278298611111109,0.132,5.6,59,59713643048,50,128.1251883506775,128.1251883506775,0.0003333091735839844
69,39,3.9,5,5,11,14,12,13,9,10,11,14,10,11,9,10,9,11,0,0,0,0,0,0,6.0,8.0,0.9410251322751321,0.16,1,8.0,0.9410251322751321,0.16,6.0,60,59713643048,50,123.70243763923645,123.70243763923645,0.00033402442932128906
70,39,3.9,5,5,12,13,12,13,11,12,9,10,9,12,11,12,10,11,11,13,0,0,0,0,5.4,7.0,0.9004456018518516,0.14,1,7.0,0.9004456018518516,0.14,5.4,48,59713643048,50,162.64708542823792,162.64708542823792,0.0003325939178466797
71,40,4.0,5,5,9,10,11,13,9,11,11,12,11,12,9,10,10,11,0,0,0,0,0,0,4.8,6.2,0.926626984126984,0.124,1,6.2,0.926626984126984,0.124,4.8,51,59713643048,50,116.74794054031372,116.74794054031372,0.0003311634063720703
72,39,3.9,5,6,12,13,9,10,9,10,9,12,11,12,10,11,0,0,0,0,0,0,0,0,4.4,5.2,0.902222222222222,0.104,1,5.2,0.902222222222222,0.104,4.4,57,59713643048,50,120.78447437286377,120.78447437286377,0.0003294944763183594
73,39,3.9,5,6,12,13,12,13,11,12,9,10,9,12,11,12,10,11,11,13,0,0,0,0,5.4,7.0,0.9004456018518516,0.14,1,7.0,0.9004456018518516,0.14,5.4,48,59713643048,50,162.64708542823792,162.64708542823792,0.0003399848937988281
74,40,4.0,5,6,9,10,10,12,9,10,9,10,11,14,9,10,10,11,11,12,0,0,0,0,4.2,7.0,0.9032465277777776,0.14,1,7.0,0.9032465277777776,0.14,4.2,56,59713643048,50,167.10714626312256,167.10714626312256,0.00034999847412109375
75,40,4.0,5,6,9,10,10,12,9,10,9,10,11,14,9,10,10,11,11,12,0,0,0,0,4.2,7.0,0.9032465277777776,0.14,1,7.0,0.9032465277777776,0.14,4.2,56,59713643048,50,167.10714626312256,167.10714626312256,0.00034236907958984375
76,40,4.0,5,6,9,10,11,13,9,11,11,12,11,12,9,10,10,11,0,0,0,0,0,0,4.8,6.2,0.926626984126984,0.124,1,6.2,0.926626984126984,0.124,4.8,51,59713643048,50,116.74794054031372,116.74794054031372,0.00033974647521972656
77,40,4.0,5,6,9,10,11,13,9,11,11,12,11,12,9,10,10,11,0,0,0,0,0,0,4.8,6.2,0.926626984126984,0.124,1,6.2,0.926626984126984,0.124,4.8,51,59713643048,50,116.74794054031372,116.74794054031372,0.00033283233642578125
78,40,4.0,5,6,9,10,11,13,9,10,9,10,11,12,9,10,10,11,0,0,0,0,0,0,5.0,5.6,0.9256349206349205,0.112,1,5.6,0.9256349206349205,0.112,5.0,61,59713643048,50,119.25891923904419,119.25891923904419,0.00033855438232421875
79,40,4.0,5,6,12,13,10,12,11,12,11,14,9,10,10,11,11,12,0,0,0,0,0,0,5.4,7.0,0.9413624338624337,0.14,1,7.0,0.9413624338624337,0.14,5.4,62,59713643048,50,108.4880633354187,108.4880633354187,0.0003314018249511719
80,33,3.3,5,6,9,10,9,11,9,11,12,13,11,14,9,10,10,11,0,0,0,0,0,0,4.2,6.8,0.9455555555555553,0.136,1,6.8,0.9455555555555553,0.136,4.2,58,59713643048,50,112.45090770721436,112.45090770721436,0.0003275871276855469
81,40,4.0,5,6,9,10,11,13,9,11,11,12,11,12,9,10,10,11,0,0,0,0,0,0,4.8,6.2,0.926626984126984,0.124,1,6.2,0.926626984126984,0.124,4.8,51,59713643048,50,116.74794054031372,116.74794054031372,0.0003452301025390625
82,39,3.9,5,6,12,13,11,12,9,12,11,12,10,11,0,0,0,0,0,0,0,0,0,0,3.0,4.8,0.9574999999999998,0.096,1,4.8,0.9574999999999998,0.096,3.0,63,59713643048,50,73.5561363697052,73.5561363697052,0.0003325939178466797
83,33,3.3,5,6,9,10,9,10,9,11,9,10,11,14,9,10,10,11,11,12,0,0,0,0,3.0,7.0,0.9438368055555553,0.14,1,7.0,0.9438368055555553,0.14,3.0,64,59713643048,50,121.9100227355957,121.9100227355957,0.00047016143798828125
84,39,3.9,5,7,12,13,12,13,11,12,9,10,9,12,11,12,10,11,11,13,0,0,0,0,5.4,7.0,0.9004456018518516,0.14,1,7.0,0.9004456018518516,0.14,5.4,48,59713643048,50,162.64708542823792,162.64708542823792,0.00034427642822265625
85,39,3.9,5,7,12,13,12,13,11,12,9,10,9,12,11,12,10,11,11,13,0,0,0,0,5.4,7.0,0.9004456018518516,0.14,1,7.0,0.9004456018518516,0.14,5.4,48,59713643048,50,162.64708542823792,162.64708542823792,0.0003368854522705078
86,39,3.9,5,7,12,13,11,12,9,12,11,12,10,11,0,0,0,0,0,0,0,0,0,0,3.0,4.8,0.9574999999999998,0.096,1,4.8,0.9574999999999998,0.096,3.0,63,59713643048,50,73.5561363697052,73.5561363697052,0.0003266334533691406
87,39,3.9,5,7,12,13,12,13,11,12,9,10,9,12,11,12,10,11,11,13,0,0,0,0,5.4,7.0,0.9004456018518516,0.14,1,7.0,0.9004456018518516,0.14,5.4,48,59713643048,50,162.64708542823792,162.64708542823792,0.0003528594970703125
88,39,3.9,5,7,12,13,9,10,9,10,9,12,11,12,10,11,0,0,0,0,0,0,0,0,4.4,5.2,0.902222222222222,0.104,1,5.2,0.902222222222222,0.104,4.4,57,59713643048,50,120.78447437286377,120.78447437286377,0.0003275871276855469
89,39,3.9,5,7,12,13,12,13,11,12,9,10,9,12,11,12,10,11,11,12,0,0,0,0,4.2,6.6,0.902210648148148,0.132,1,6.6,0.902210648148148,0.132,4.2,65,59713643048,50,141.61216235160828,141.61216235160828,0.0004036426544189453
90,40,4.0,5,7,9,10,10,12,9,10,9,10,11,14,9,10,10,11,11,12,0,0,0,0,4.2,7.0,0.9032465277777776,0.14,1,7.0,0.9032465277777776,0.14,4.2,56,59713643048,50,167.10714626312256,167.10714626312256,0.0003330707550048828
91,39,3.9,5,7,9,10,10,12,9,10,9,10,11,14,9,10,10,11,11,12,0,0,0,0,5.0,7.2,0.9020949074074073,0.144,1,7.2,0.9020949074074073,0.144,5.0,66,59713643048,50,158.63598108291626,158.63598108291626,0.00033283233642578125
92,39,3.9,5,7,12,13,12,13,11,12,9,10,9,12,11,12,10,11,11,13,0,0,0,0,5.4,7.0,0.9004456018518516,0.14,1,7.0,0.9004456018518516,0.14,5.4,48,59713643048,50,162.64708542823792,162.64708542823792,0.00033402442932128906
93,39,3.9,5,7,12,13,12,13,11,12,9,10,9,12,11,12,10,11,11,13,0,0,0,0,5.4,7.0,0.9004456018518516,0.14,1,7.0,0.9004456018518516,0.14,5.4,48,59713643048,50,162.64708542823792,162.64708542823792,0.00034308433532714844
94,39,3.9,5,7,12,13,12,13,10,11,9,10,9,12,11,14,11,12,10,11,11,13,0,0,9.0,9.2,0.9341460905349793,0.184,1,9.2,0.9341460905349793,0.184,9.0,67,59713643048,50,143.43695783615112,143.43695783615112,0.00034046173095703125
95,40,4.0,5,7,9,10,10,12,9,10,9,10,10,11,0,0,0,0,0,0,0,0,0,0,3.6,4.4,0.9666666666666665,0.088,1,4.4,0.9666666666666665,0.088,3.6,68,59713643048,50,82.31694483757019,82.31694483757019,0.0003314018249511719
96,39,3.9,5,8,12,13,12,13,11,12,9,10,9,12,11,12,10,11,11,12,0,0,0,0,4.2,6.6,0.902210648148148,0.132,1,6.6,0.902210648148148,0.132,4.2,65,59713643048,50,141.61216235160828,141.61216235160828,0.0003380775451660156
97,48,4.8,5,8,12,13,11,12,9,12,11,12,10,11,0,0,0,0,0,0,0,0,0,0,4.6,5.2,0.9459444444444444,0.104,1,5.2,0.9459444444444444,0.104,4.6,69,59713643048,50,80.92814230918884,80.92814230918884,0.0003299713134765625
98,39,3.9,5,8,12,13,12,13,11,12,9,10,9,12,11,12,10,11,11,13,0,0,0,0,5.4,7.0,0.9004456018518516,0.14,1,7.0,0.9004456018518516,0.14,5.4,48,59713643048,50,162.64708542823792,162.64708542823792,0.0003337860107421875
99,39,3.9,5,8,9,10,10,12,9,10,9,10,11,14,9,10,10,11,0,0,0,0,0,0,4.4,6.8,0.9449338624338625,0.136,1,6.8,0.9449338624338625,0.136,4.4,70,59713643048,50,112.01867389678955,112.01867389678955,0.00034046173095703125
100,40,4.0,5,8,9,10,9,11,9,10,9,10,10,11,0,0,0,0,0,0,0,0,0,0,3.8,4.4,0.9666666666666665,0.088,1,4.4,0.9666666666666665,0.088,3.8,71,59713643048,50,82.46448349952698,82.46448349952698,0.0003330707550048828
101,32,3.2,5,8,9,10,9,10,9,10,9,10,11,14,9,10,10,11,11,12,0,0,0,0,5.0,6.4,0.9508680555555553,0.128,1,6.4,0.9508680555555553,0.128,5.0,72,59713643048,50,117.27876996994019,117.27876996994019,0.0003352165222167969
102,39,3.9,5,8,12,13,9,10,11,12,9,10,9,12,10,11,10,11,11,12,0,0,0,0,6.2,6.6,0.902210648148148,0.132,1,6.6,0.902210648148148,0.132,6.2,73,59713643048,50,142.3479619026184,142.3479619026184,0.00034618377685546875
103,40,4.0,5,8,11,12,9,11,9,10,9,10,10,11,0,0,0,0,0,0,0,0,0,0,3.6,4.4,0.9666666666666665,0.088,1,4.4,0.9666666666666665,0.088,3.6,74,59713643048,50,81.56453013420105,81.56453013420105,0.0003261566162109375
104,39,3.9,5,8,12,13,12,13,11,12,9,10,9,12,11,12,10,11,11,12,0,0,0,0,4.2,6.6,0.902210648148148,0.132,1,6.6,0.902210648148148,0.132,4.2,65,59713643048,50,141.61216235160828,141.61216235160828,0.00034165382385253906
105,39,3.9,5,8,12,13,12,13,11,12,9,10,9,12,11,12,10,11,11,13,0,0,0,0,5.4,7.0,0.9004456018518516,0.14,1,7.0,0.9004456018518516,0.14,5.4,48,59713643048,50,162.64708542823792,162.64708542823792,0.000331878662109375
106,38,3.8,5,8,11,12,9,10,9,11,9,10,9,10,10,11,11,12,0,0,0,0,0,0,3.2,5.4,0.9253571428571428,0.108,1,5.4,0.9253571428571428,0.108,3.2,75,59713643048,50,116.52155566215515,116.52155566215515,0.00033211708068847656
107,33,3.3,5,8,9,10,11,12,9,10,9,11,11,14,11,12,10,11,11,13,0,0,0,0,4.6,7.4,0.9538483796296294,0.148,1,7.4,0.9538483796296294,0.148,4.6,76,59713643048,50,117.02737021446228,117.02737021446228,0.00033092498779296875
108,39,3.9,5,9,9,10,10,12,9,10,9,10,11,14,9,10,10,11,11,12,0,0,0,0,5.0,7.2,0.9020949074074073,0.144,1,7.2,0.9020949074074073,0.144,5.0,66,59713643048,50,158.63598108291626,158.63598108291626,0.00032973289489746094
109,39,3.9,5,9,12,13,12,13,11,12,9,10,9,12,11,12,10,11,11,13,0,0,0,0,5.4,7.0,0.9004456018518516,0.14,1,7.0,0.9004456018518516,0.14,5.4,48,59713643048,50,162.64708542823792,162.64708542823792,0.0003299713134765625
110,39,3.9,5,9,9,10,10,12,9,10,9,10,11,14,9,10,10,11,11,12,0,0,0,0,5.0,7.2,0.9020949074074073,0.144,1,7.2,0.9020949074074073,0.144,5.0,66,59713643048,50,158.63598108291626,158.63598108291626,0.0003330707550048828
111,39,3.9,5,9,9,10,10,12,9,10,9,10,11,14,9,10,10,11,11,12,0,0,0,0,5.0,7.2,0.9020949074074073,0.144,1,7.2,0.9020949074074073,0.144,5.0,66,59713643048,50,158.63598108291626,158.63598108291626,0.0003294944763183594
112,39,3.9,5,9,12,13,9,10,9,10,9,12,11,12,10,11,0,0,0,0,0,0,0,0,4.4,5.2,0.902222222222222,0.104,1,5.2,0.902222222222222,0.104,4.4,57,59713643048,50,120.78447437286377,120.78447437286377,0.0003399848937988281
113,39,3.9,5,9,12,13,9,10,9,10,9,12,11,12,10,11,0,0,0,0,0,0,0,0,4.4,5.2,0.902222222222222,0.104,1,5.2,0.902222222222222,0.104,4.4,57,59713643048,50,120.78447437286377,120.78447437286377,0.0003361701965332031
114,39,3.9,5,9,12,13,9,10,9,10,9,12,11,12,10,11,0,0,0,0,0,0,0,0,4.4,5.2,0.902222222222222,0.104,1,5.2,0.902222222222222,0.104,4.4,57,59713643048,50,120.78447437286377,120.78447437286377,0.000331878662109375
115,38,3.8,5,9,11,12,9,10,9,11,9,10,9,10,10,11,10,11,0,0,0,0,0,0,2.4,5.4,0.9253571428571428,0.108,1,5.4,0.9253571428571428,0.108,2.4,77,59713643048,50,117.77804827690125,117.77804827690125,0.0003390312194824219
116,40,4.0,5,9,12,13,10,11,9,10,9,12,9,10,10,11,0,0,0,0,0,0,0,0,4.8,5.4,0.9234567901234566,0.108,1,5.4,0.9234567901234566,0.108,4.8,78,59713643048,50,106.99344372749329,106.99344372749329,0.00040078163146972656
117,39,3.9,5,9,9,10,11,12,11,12,10,11,0,0,0,0,0,0,0,0,0,0,0,0,1.4,2.8,0.9599999999999997,0.056,1,2.8,0.9599999999999997,0.056,1.4,79,59713643048,50,70.74717140197754,70.74717140197754,0.0003247261047363281
118,39,3.9,5,9,12,13,12,13,11,12,9,10,9,12,11,12,10,11,11,12,0,0,0,0,4.2,6.6,0.902210648148148,0.132,1,6.6,0.902210648148148,0.132,4.2,65,59713643048,50,141.61216235160828,141.61216235160828,0.00033211708068847656
119,39,3.9,5,9,12,13,12,13,11,12,9,10,9,12,11,12,10,11,11,13,0,0,0,0,5.4,7.0,0.9004456018518516,0.14,1,7.0,0.9004456018518516,0.14,5.4,48,59713643048,50,162.64708542823792,162.64708542823792,0.0003337860107421875
120,39,3.9,5,10,9,10,11,13,9,10,11,14,9,10,10,11,11,12,0,0,0,0,0,0,4.2,6.8,0.9383597883597883,0.136,1,6.8,0.9383597883597883,0.136,4.2,80,59713643048,50,115.15219449996948,115.15219449996948,0.0003337860107421875
121,39,3.9,5,10,12,13,12,13,9,10,9,10,9,10,9,11,11,12,10,11,11,12,0,0,6.0,6.6,0.9198765432098764,0.132,1,6.6,0.9198765432098764,0.132,6.0,81,59713643048,50,145.84515690803528,145.84515690803528,0.0003943443298339844
122,39,3.9,5,10,12,13,9,10,11,12,9,10,11,12,10,11,0,0,0,0,0,0,0,0,3.4,3.8,0.8909259259259258,0.076,1,3.8,0.8909259259259258,0.076,3.4,82,59713643048,50,123.34436392784119,123.34436392784119,0.000331878662109375
123,39,3.9,5,10,12,13,11,12,9,12,11,12,10,11,11,13,0,0,0,0,0,0,0,0,4.4,5.8,0.9211728395061728,0.116,1,5.8,0.9211728395061728,0.116,4.4,83,59713643048,50,113.96060991287231,113.96060991287231,0.00033211708068847656
124,39,3.9,5,10,11,12,10,11,9,12,11,12,10,11,0,0,0,0,0,0,0,0,0,0,4.8,4.8,0.9574999999999998,0.096,1,4.8,0.9574999999999998,0.096,4.8,84,59713643048,50,75.21271872520447,75.21271872520447,0.0003256797790527344
125,39,3.9,5,10,9,10,9,10,9,10,11,12,10,11,0,0,0,0,0,0,0,0,0,0,2.0,3.4,0.9286111111111108,0.068,1,3.4,0.9286111111111108,0.068,2.0,85,59713643048,50,91.63286542892456,91.63286542892456,0.00032520294189453125
126,39,3.9,5,10,9,10,11,12,9,12,11,12,10,11,0,0,0,0,0,0,0,0,0,0,4.6,4.8,0.9574999999999998,0.096,1,4.8,0.9574999999999998,0.096,4.6,86,59713643048,50,80.18982458114624,80.18982458114624,0.0003249645233154297
127,39,3.9,5,10,12,13,11,12,11,12,10,11,0,0,0,0,0,0,0,0,0,0,0,0,1.8,2.8,0.9599999999999997,0.056,1,2.8,0.9599999999999997,0.056,1.8,87,59713643048,50,62.191954135894775,62.191954135894775,0.00032448768615722656
128,39,3.9,5,10,12,13,11,12,9,12,11,12,10,11,0,0,0,0,0,0,0,0,0,0,3.0,4.8,0.9574999999999998,0.096,1,4.8,0.9574999999999998,0.096,3.0,63,59713643048,50,73.5561363697052,73.5561363697052,0.0003230571746826172
129,39,3.9,5,10,12,13,11,12,9,12,11,12,10,11,0,0,0,0,0,0,0,0,0,0,3.0,4.8,0.9574999999999998,0.096,1,4.8,0.9574999999999998,0.096,3.0,63,59713643048,50,73.5561363697052,73.5561363697052,0.0003249645233154297
130,39,3.9,5,10,9,10,11,12,11,12,10,11,0,0,0,0,0,0,0,0,0,0,0,0,1.4,2.8,0.9599999999999997,0.056,1,2.8,0.9599999999999997,0.056,1.4,79,59713643048,50,70.74717140197754,70.74717140197754,0.0003285408020019531
131,39,3.9,5,10,9,10,10,12,9,10,9,10,11,14,9,10,10,11,11,12,0,0,0,0,5.0,7.2,0.9020949074074073,0.144,1,7.2,0.9020949074074073,0.144,5.0,66,59713643048,50,158.63598108291626,158.63598108291626,0.00033926963806152344
132,39,3.9,5,11,12,13,9,10,11,12,9,10,11,12,10,11,0,0,0,0,0,0,0,0,3.4,3.8,0.8909259259259258,0.076,1,3.8,0.8909259259259258,0.076,3.4,82,59713643048,50,123.34436392784119,123.34436392784119,0.0003285408020019531
133,39,3.9,5,11,12,13,9,10,11,12,9,10,11,12,10,11,0,0,0,0,0,0,0,0,3.4,3.8,0.8909259259259258,0.076,1,3.8,0.8909259259259258,0.076,3.4,82,59713643048,50,123.34436392784119,123.34436392784119,0.0003314018249511719
134,39,3.9,5,11,9,10,11,12,11,12,10,11,0,0,0,0,0,0,0,0,0,0,0,0,1.4,2.8,0.9599999999999997,0.056,1,2.8,0.9599999999999997,0.056,1.4,79,59713643048,50,70.74717140197754,70.74717140197754,0.0003247261047363281
135,39,3.9,5,11,12,13,9,10,9,12,11,12,10,11,0,0,0,0,0,0,0,0,0,0,4.6,4.8,0.9574999999999998,0.096,1,4.8,0.9574999999999998,0.096,4.6,88,59713643048,50,80.49434804916382,80.49434804916382,0.0003256797790527344
136,38,3.8,5,11,11,12,9,10,9,11,9,10,9,10,10,11,10,11,0,0,0,0,0,0,2.4,5.4,0.9253571428571428,0.108,1,5.4,0.9253571428571428,0.108,2.4,77,59713643048,50,117.77804827690125,117.77804827690125,0.0003294944763183594
137,38,3.8,5,11,11,12,9,10,9,11,9,10,9,10,10,11,10,11,0,0,0,0,0,0,2.4,5.4,0.9253571428571428,0.108,1,5.4,0.9253571428571428,0.108,2.4,77,59713643048,50,117.77804827690125,117.77804827690125,0.00032806396484375
138,39,3.9,5,11,9,10,11,12,9,10,10,11,10,11,0,0,0,0,0,0,0,0,0,0,2.6,3.4,0.9286111111111108,0.068,1,3.4,0.9286111111111108,0.068,2.6,89,59713643048,50,91.50984215736389,91.50984215736389,0.0003254413604736328
139,39,3.9,5,11,12,13,9,10,10,11,9,10,9,10,11,14,9,10,10,11,11,12,0,0,6.4,7.4,0.928281893004115,0.148,1,7.4,0.928281893004115,0.148,6.4,90,59713643048,50,138.11621356010437,138.11621356010437,0.0003342628479003906
140,38,3.8,5,11,11,12,9,10,9,10,9,10,11,12,10,11,10,11,0,0,0,0,0,0,2.6,4.8,0.9279365079365078,0.096,1,4.8,0.9279365079365078,0.096,2.6,91,59713643048,50,112.91558313369751,112.91558313369751,0.0003390312194824219
141,39,3.9,5,11,9,10,9,10,9,10,9,10,10,11,0,0,0,0,0,0,0,0,0,0,2.0,3.4,0.9286111111111108,0.068,1,3.4,0.9286111111111108,0.068,2.0,92,59713643048,50,91.99586534500122,91.99586534500122,0.0003268718719482422
142,39,3.9,5,11,9,10,9,11,9,10,11,14,9,10,10,11,11,12,0,0,0,0,0,0,6.2,6.8,0.9383597883597883,0.136,1,6.8,0.9383597883597883,0.136,6.2,93,59713643048,50,115.93347954750061,115.93347954750061,0.0003440380096435547
143,39,3.9,5,11,9,10,11,12,9,10,11,12,10,11,0,0,0,0,0,0,0,0,0,0,3.6,3.4,0.9286111111111108,0.068,1,3.4,0.9286111111111108,0.068,3.6,94,59713643048,50,91.12194871902466,91.12194871902466,0.00032806396484375
144,38,3.8,5,12,11,12,9,10,9,11,9,10,9,10,10,11,10,11,0,0,0,0,0,0,2.4,5.4,0.9253571428571428,0.108,1,5.4,0.9253571428571428,0.108,2.4,77,59713643048,50,117.77804827690125,117.77804827690125,0.0006611347198486328
145,38,3.8,5,12,11,12,9,10,9,11,9,10,9,10,10,11,10,11,0,0,0,0,0,0,2.4,5.4,0.9253571428571428,0.108,1,5.4,0.9253571428571428,0.108,2.4,77,59713643048,50,117.77804827690125,117.77804827690125,0.00033283233642578125
146,38,3.8,5,12,11,12,9,10,9,11,9,10,9,10,10,11,10,11,0,0,0,0,0,0,2.4,5.4,0.9253571428571428,0.108,1,5.4,0.9253571428571428,0.108,2.4,77,59713643048,50,117.77804827690125,117.77804827690125,0.0003306865692138672
147,38,3.8,5,12,11,12,9,10,9,11,9,10,9,10,10,11,10,11,0,0,0,0,0,0,2.4,5.4,0.9253571428571428,0.108,1,5.4,0.9253571428571428,0.108,2.4,77,59713643048,50,117.77804827690125,117.77804827690125,0.00032806396484375
148,39,3.9,5,12,12,13,9,10,11,12,11,12,10,11,0,0,0,0,0,0,0,0,0,0,2.6,3.4,0.9286111111111108,0.068,1,3.4,0.9286111111111108,0.068,2.6,95,59713643048,50,89.81361436843872,89.81361436843872,0.00032448768615722656
149,39,3.9,5,12,9,10,11,12,9,10,11,12,10,11,0,0,0,0,0,0,0,0,0,0,3.6,3.4,0.9286111111111108,0.068,1,3.4,0.9286111111111108,0.068,3.6,94,59713643048,50,91.12194871902466,91.12194871902466,0.000339508056640625
150,38,3.8,5,12,9,10,9,10,9,11,9,10,9,10,10,11,11,12,0,0,0,0,0,0,3.6,5.4,0.9253571428571428,0.108,1,5.4,0.9253571428571428,0.108,3.6,96,59713643048,50,117.33361864089966,117.33361864089966,0.0003337860107421875
151,39,3.9,5,12,12,13,10,11,11,12,9,10,11,12,10,11,0,0,0,0,0,0,0,0,3.6,3.8,0.8909259259259258,0.076,1,3.8,0.8909259259259258,0.076,3.6,97,59713643048,50,121.58327841758728,121.58327841758728,0.0003314018249511719
152,37,3.7,5,12,9,10,9,10,11,12,10,11,0,0,0,0,0,0,0,0,0,0,0,0,1.6,2.6,0.922708333333333,0.052,1,2.6,0.922708333333333,0.052,1.6,98,59713643048,50,85.04286789894104,85.04286789894104,0.00032591819763183594
153,39,3.9,5,12,11,12,10,11,11,12,10,11,9,10,0,0,0,0,0,0,0,0,0,0,2.8,3.4,0.9286111111111108,0.068,1,3.4,0.9286111111111108,0.068,2.8,99,59713643048,50,88.83429050445557,88.83429050445557,0.0003266334533691406
154,38,3.8,5,12,9,10,9,10,9,10,9,10,11,12,10,11,10,11,0,0,0,0,0,0,3.8,4.8,0.9279365079365078,0.096,1,4.8,0.9279365079365078,0.096,3.8,100,59713643048,50,112.5787250995636,112.5787250995636,0.0003330707550048828
155,42,4.2,5,12,10,11,11,12,11,12,10,11,0,0,0,0,0,0,0,0,0,0,0,0,2.2,2.8,0.9357638888888886,0.056,1,2.8,0.9357638888888886,0.056,2.2,101,59713643048,50,73.07922863960266,73.07922863960266,0.0003211498260498047
156,39,3.9,5,13,9,10,11,12,11,12,10,11,0,0,0,0,0,0,0,0,0,0,0,0,1.4,2.8,0.9599999999999997,0.056,1,2.8,0.9599999999999997,0.056,1.4,79,59713643048,50,70.74717140197754,70.74717140197754,0.0003306865692138672
157,39,3.9,5,13,12,13,9,10,11,12,9,10,11,12,10,11,0,0,0,0,0,0,0,0,3.4,3.8,0.8909259259259258,0.076,1,3.8,0.8909259259259258,0.076,3.4,82,59713643048,50,123.34436392784119,123.34436392784119,0.0003275871276855469
158,39,3.9,5,13,12,13,9,10,11,12,11,12,10,11,0,0,0,0,0,0,0,0,0,0,2.6,3.4,0.9286111111111108,0.068,1,3.4,0.9286111111111108,0.068,2.6,95,59713643048,50,89.81361436843872,89.81361436843872,0.00032520294189453125
159,39,3.9,5,13,9,10,11,12,11,12,10,11,0,0,0,0,0,0,0,0,0,0,0,0,1.4,2.8,0.9599999999999997,0.056,1,2.8,0.9599999999999997,0.056,1.4,79,59713643048,50,70.74717140197754,70.74717140197754,0.00037860870361328125
160,39,3.9,5,13,9,10,11,12,11,12,10,11,0,0,0,0,0,0,0,0,0,0,0,0,1.4,2.8,0.9599999999999997,0.056,1,2.8,0.9599999999999997,0.056,1.4,79,59713643048,50,70.74717140197754,70.74717140197754,0.0003275871276855469
161,37,3.7,5,13,9,10,9,10,11,12,10,11,0,0,0,0,0,0,0,0,0,0,0,0,1.6,2.6,0.922708333333333,0.052,1,2.6,0.922708333333333,0.052,1.6,98,59713643048,50,85.04286789894104,85.04286789894104,0.0003268718719482422
162,39,3.9,5,13,9,10,11,12,11,12,10,11,0,0,0,0,0,0,0,0,0,0,0,0,1.4,2.8,0.9599999999999997,0.056,1,2.8,0.9599999999999997,0.056,1.4,79,59713643048,50,70.74717140197754,70.74717140197754,0.00032401084899902344
163,39,3.9,5,13,9,10,9,10,9,10,9,10,10,11,0,0,0,0,0,0,0,0,0,0,2.0,3.4,0.9286111111111108,0.068,1,3.4,0.9286111111111108,0.068,2.0,92,59713643048,50,91.99586534500122,91.99586534500122,0.00032329559326171875
164,39,3.9,5,13,9,10,11,12,11,12,10,11,0,0,0,0,0,0,0,0,0,0,0,0,1.4,2.8,0.9599999999999997,0.056,1,2.8,0.9599999999999997,0.056,1.4,79,59713643048,50,70.74717140197754,70.74717140197754,0.00032901763916015625
165,39,3.9,5,13,12,13,9,10,11,12,11,12,10,11,0,0,0,0,0,0,0,0,0,0,2.6,3.4,0.9286111111111108,0.068,1,3.4,0.9286111111111108,0.068,2.6,95,59713643048,50,89.81361436843872,89.81361436843872,0.00032973289489746094
166,37,3.7,5,13,9,10,10,11,11,12,10,11,0,0,0,0,0,0,0,0,0,0,0,0,1.2,2.6,0.922708333333333,0.052,1,2.6,0.922708333333333,0.052,1.2,102,59713643048,50,83.68879532814026,83.68879532814026,0.0003268718719482422
167,38,3.8,5,13,9,10,9,10,11,12,9,10,0,0,0,0,0,0,0,0,0,0,0,0,1.8,2.6,0.9126388888888886,0.052,1,2.6,0.9126388888888886,0.052,1.8,103,59713643048,50,87.41949677467346,87.41949677467346,0.0003235340118408203
168,37,3.7,5,14,9,10,10,11,11,12,10,11,0,0,0,0,0,0,0,0,0,0,0,0,1.2,2.6,0.922708333333333,0.052,1,2.6,0.922708333333333,0.052,1.2,102,59713643048,50,83.68879532814026,83.68879532814026,0.0003254413604736328
169,37,3.7,5,14,9,10,9,10,11,12,10,11,0,0,0,0,0,0,0,0,0,0,0,0,1.6,2.6,0.922708333333333,0.052,1,2.6,0.922708333333333,0.052,1.6,98,59713643048,50,85.04286789894104,85.04286789894104,0.0003418922424316406
170,38,3.8,5,14,9,10,9,10,11,12,9,10,0,0,0,0,0,0,0,0,0,0,0,0,1.8,2.6,0.9126388888888886,0.052,1,2.6,0.9126388888888886,0.052,1.8,103,59713643048,50,87.41949677467346,87.41949677467346,0.00032591819763183594
171,39,3.9,5,14,10,11,11,12,9,10,11,12,10,11,0,0,0,0,0,0,0,0,0,0,2.2,3.4,0.9286111111111108,0.068,1,3.4,0.9286111111111108,0.068,2.2,104,59713643048,50,87.34131908416748,87.34131908416748,0.0003285408020019531
172,39,3.9,5,14,12,13,9,10,11,12,9,10,11,12,10,11,0,0,0,0,0,0,0,0,3.4,3.8,0.8909259259259258,0.076,1,3.8,0.8909259259259258,0.076,3.4,82,59713643048,50,123.34436392784119,123.34436392784119,0.00039887428283691406
173,39,3.9,5,14,12,13,9,10,11,12,9,10,11,12,10,11,0,0,0,0,0,0,0,0,3.4,3.8,0.8909259259259258,0.076,1,3.8,0.8909259259259258,0.076,3.4,82,59713643048,50,123.34436392784119,123.34436392784119,0.0003268718719482422
174,39,3.9,5,14,12,13,9,10,11,12,9,10,11,12,10,11,0,0,0,0,0,0,0,0,3.4,3.8,0.8909259259259258,0.076,1,3.8,0.8909259259259258,0.076,3.4,82,59713643048,50,123.34436392784119,123.34436392784119,0.0003306865692138672
175,39,3.9,5,14,12,13,9,10,11,12,9,10,11,12,10,11,0,0,0,0,0,0,0,0,3.4,3.8,0.8909259259259258,0.076,1,3.8,0.8909259259259258,0.076,3.4,82,59713643048,50,123.34436392784119,123.34436392784119,0.0003294944763183594
176,39,3.9,5,14,12,13,9,10,11,12,9,10,11,12,10,11,0,0,0,0,0,0,0,0,3.4,3.8,0.8909259259259258,0.076,1,3.8,0.8909259259259258,0.076,3.4,82,59713643048,50,123.34436392784119,123.34436392784119,0.00033164024353027344
177,39,3.9,5,14,9,10,11,12,11,12,10,11,0,0,0,0,0,0,0,0,0,0,0,0,1.4,2.8,0.9599999999999997,0.056,1,2.8,0.9599999999999997,0.056,1.4,79,59713643048,50,70.74717140197754,70.74717140197754,0.00032520294189453125
178,36,3.6,5,14,9,10,11,12,11,12,10,11,0,0,0,0,0,0,0,0,0,0,0,0,0.8,2.6,0.9153472222222222,0.052,1,2.6,0.9153472222222222,0.052,0.8,105,59713643048,50,85.19081950187683,85.19081950187683,0.0003600120544433594
179,39,3.9,5,14,9,10,11,12,11,12,10,11,0,0,0,0,0,0,0,0,0,0,0,0,1.4,2.8,0.9599999999999997,0.056,1,2.8,0.9599999999999997,0.056,1.4,79,59713643048,50,70.74717140197754,70.74717140197754,0.00032401084899902344
180,38,3.8,5,15,9,10,11,12,11,12,9,10,0,0,0,0,0,0,0,0,0,0,0,0,2.4,2.6,0.9126388888888886,0.052,1,2.6,0.9126388888888886,0.052,2.4,106,59713643048,50,87.59721040725708,87.59721040725708,0.0003237724304199219
181,35,3.5,5,15,9,10,9,10,11,12,10,11,0,0,0,0,0,0,0,0,0,0,0,0,2.2,2.6,0.9261805555555551,0.052,1,2.6,0.9261805555555551,0.052,2.2,107,59713643048,50,82.84630608558655,82.84630608558655,0.00032210350036621094
182,37,3.7,5,15,9,10,11,12,11,12,9,10,0,0,0,0,0,0,0,0,0,0,0,0,2.2,2.6,0.922708333333333,0.052,1,2.6,0.922708333333333,0.052,2.2,108,59713643048,50,81.80405354499817,81.80405354499817,0.00033092498779296875
183,39,3.9,5,15,9,10,9,10,9,10,11,12,9,10,0,0,0,0,0,0,0,0,0,0,3.4,3.4,0.9286111111111108,0.068,1,3.4,0.9286111111111108,0.068,3.4,109,59713643048,50,91.82524156570435,91.82524156570435,0.00032806396484375
184,38,3.8,5,15,9,10,11,12,11,12,9,10,0,0,0,0,0,0,0,0,0,0,0,0,2.4,2.6,0.9126388888888886,0.052,1,2.6,0.9126388888888886,0.052,2.4,106,59713643048,50,87.59721040725708,87.59721040725708,0.00032591819763183594
185,39,3.9,5,15,9,10,9,10,11,12,10,11,0,0,0,0,0,0,0,0,0,0,0,0,0.8,2.8,0.9599999999999997,0.056,1,2.8,0.9599999999999997,0.056,0.8,110,59713643048,50,71.6852719783783,71.6852719783783,0.00033020973205566406
186,39,3.9,5,15,12,13,9,10,11,12,9,10,11,12,9,10,0,0,0,0,0,0,0,0,3.0,3.8,0.8909259259259258,0.076,1,3.8,0.8909259259259258,0.076,3.0,111,59713643048,50,122.53937077522278,122.53937077522278,0.0003273487091064453
187,38,3.8,5,15,9,10,9,10,11,12,9,10,0,0,0,0,0,0,0,0,0,0,0,0,1.8,2.6,0.9126388888888886,0.052,1,2.6,0.9126388888888886,0.052,1.8,103,59713643048,50,87.41949677467346,87.41949677467346,0.0003218650817871094
188,36,3.6,5,15,9,10,11,12,11,12,10,11,0,0,0,0,0,0,0,0,0,0,0,0,0.8,2.6,0.9153472222222222,0.052,1,2.6,0.9153472222222222,0.052,0.8,105,59713643048,50,85.19081950187683,85.19081950187683,0.0003349781036376953
189,36,3.6,5,15,9,10,11,12,11,12,10,11,0,0,0,0,0,0,0,0,0,0,0,0,0.8,2.6,0.9153472222222222,0.052,1,2.6,0.9153472222222222,0.052,0.8,105,59713643048,50,85.19081950187683,85.19081950187683,0.0003235340118408203
190,39,3.9,5,15,12,13,9,10,11,12,9,10,11,12,10,11,0,0,0,0,0,0,0,0,3.4,3.8,0.8909259259259258,0.076,1,3.8,0.8909259259259258,0.076,3.4,82,59713643048,50,123.34436392784119,123.34436392784119,0.0003299713134765625
191,39,3.9,5,15,12,13,9,10,11,12,9,10,11,12,10,11,0,0,0,0,0,0,0,0,3.4,3.8,0.8909259259259258,0.076,1,3.8,0.8909259259259258,0.076,3.4,82,59713643048,50,123.34436392784119,123.34436392784119,0.00032711029052734375
192,38,3.8,5,16,9,10,11,12,11,12,10,11,0,0,0,0,0,0,0,0,0,0,0,0,2.0,2.6,0.9126388888888886,0.052,1,2.6,0.9126388888888886,0.052,2.0,112,59713643048,50,86.48369693756104,86.48369693756104,0.0003342628479003906
193,36,3.6,5,16,9,10,11,12,9,10,9,10,11,12,9,10,0,0,0,0,0,0,0,0,1.8,3.8,0.9213425925925924,0.076,1,3.8,0.9213425925925924,0.076,1.8,113,59713643048,50,107.68366003036499,107.68366003036499,0.0003333091735839844
194,39,3.9,5,16,12,13,9,10,11,12,11,12,9,10,0,0,0,0,0,0,0,0,0,0,3.0,3.4,0.9286111111111108,0.068,1,3.4,0.9286111111111108,0.068,3.0,114,59713643048,50,89.04873657226562,89.04873657226562,0.0003292560577392578
195,36,3.6,5,16,9,10,11,12,11,12,10,11,0,0,0,0,0,0,0,0,0,0,0,0,0.8,2.6,0.9153472222222222,0.052,1,2.6,0.9153472222222222,0.052,0.8,105,59713643048,50,85.19081950187683,85.19081950187683,0.0003287792205810547
196,38,3.8,5,16,9,10,9,10,11,12,9,10,0,0,0,0,0,0,0,0,0,0,0,0,1.8,2.6,0.9126388888888886,0.052,1,2.6,0.9126388888888886,0.052,1.8,103,59713643048,50,87.41949677467346,87.41949677467346,0.0003230571746826172
197,36,3.6,5,16,9,10,11,12,11,12,10,11,0,0,0,0,0,0,0,0,0,0,0,0,0.8,2.6,0.9153472222222222,0.052,1,2.6,0.9153472222222222,0.052,0.8,105,59713643048,50,85.19081950187683,85.19081950187683,0.00032258033752441406
198,36,3.6,5,16,9,10,11,12,11,12,10,11,0,0,0,0,0,0,0,0,0,0,0,0,0.8,2.6,0.9153472222222222,0.052,1,2.6,0.9153472222222222,0.052,0.8,105,59713643048,50,85.19081950187683,85.19081950187683,0.0003650188446044922
199,39,3.9,5,16,9,10,11,12,9,10,11,12,10,11,0,0,0,0,0,0,0,0,0,0,3.6,3.4,0.9286111111111108,0.068,1,3.4,0.9286111111111108,0.068,3.6,94,59713643048,50,91.12194871902466,91.12194871902466,0.0003268718719482422
200,38,3.8,5,16,9,10,11,12,9,10,11,12,10,11,0,0,0,0,0,0,0,0,0,0,2.0,3.4,0.9381666666666664,0.068,1,3.4,0.9381666666666664,0.068,2.0,115,59713643048,50,90.31499743461609,90.31499743461609,0.0003955364227294922
201,37,3.7,5,16,9,10,11,12,11,12,9,10,0,0,0,0,0,0,0,0,0,0,0,0,2.2,2.6,0.922708333333333,0.052,1,2.6,0.922708333333333,0.052,2.2,108,59713643048,50,81.80405354499817,81.80405354499817,0.0003218650817871094
202,38,3.8,5,16,9,10,9,10,11,12,9,10,0,0,0,0,0,0,0,0,0,0,0,0,1.8,2.6,0.9126388888888886,0.052,1,2.6,0.9126388888888886,0.052,1.8,103,59713643048,50,87.41949677467346,87.41949677467346,0.0003294944763183594
203,35,3.5,5,16,9,10,10,11,11,12,9,10,0,0,0,0,0,0,0,0,0,0,0,0,1.0,2.6,0.9261805555555551,0.052,1,2.6,0.9261805555555551,0.052,1.0,116,59713643048,50,82.586012840271,82.586012840271,0.0003237724304199219
204,36,3.6,5,17,9,10,9,10,11,12,10,11,0,0,0,0,0,0,0,0,0,0,0,0,1.8,2.6,0.9153472222222222,0.052,1,2.6,0.9153472222222222,0.052,1.8,117,59713643048,50,86.33760237693787,86.33760237693787,0.0003247261047363281
205,38,3.8,5,17,9,10,10,11,11,12,9,10,0,0,0,0,0,0,0,0,0,0,0,0,1.8,2.6,0.9126388888888886,0.052,1,2.6,0.9126388888888886,0.052,1.8,118,59713643048,50,87.7969822883606,87.7969822883606,0.0003254413604736328
206,35,3.5,5,17,9,10,10,11,11,12,9,10,0,0,0,0,0,0,0,0,0,0,0,0,1.0,2.6,0.9261805555555551,0.052,1,2.6,0.9261805555555551,0.052,1.0,116,59713643048,50,82.586012840271,82.586012840271,0.00032401084899902344
207,38,3.8,5,17,9,10,9,10,11,12,9,10,0,0,0,0,0,0,0,0,0,0,0,0,1.8,2.6,0.9126388888888886,0.052,1,2.6,0.9126388888888886,0.052,1.8,103,59713643048,50,87.41949677467346,87.41949677467346,0.0003266334533691406
208,36,3.6,5,17,9,10,11,12,11,12,10,11,0,0,0,0,0,0,0,0,0,0,0,0,0.8,2.6,0.9153472222222222,0.052,1,2.6,0.9153472222222222,0.052,0.8,105,59713643048,50,85.19081950187683,85.19081950187683,0.0003247261047363281
209,38,3.8,5,17,9,10,9,10,11,12,9,10,0,0,0,0,0,0,0,0,0,0,0,0,1.8,2.6,0.9126388888888886,0.052,1,2.6,0.9126388888888886,0.052,1.8,103,59713643048,50,87.41949677467346,87.41949677467346,0.00032591819763183594
210,36,3.6,5,17,9,10,11,12,9,10,11,12,9,10,0,0,0,0,0,0,0,0,0,0,2.0,3.4,0.9496666666666667,0.068,1,3.4,0.9496666666666667,0.068,2.0,119,59713643048,50,83.21200489997864,83.21200489997864,0.00032830238342285156
211,39,3.9,5,17,12,13,9,10,11,12,11,12,9,10,0,0,0,0,0,0,0,0,0,0,3.0,3.4,0.9286111111111108,0.068,1,3.4,0.9286111111111108,0.068,3.0,114,59713643048,50,89.04873657226562,89.04873657226562,0.00033020973205566406
212,41,4.1,5,17,9,10,9,10,11,12,9,10,0,0,0,0,0,0,0,0,0,0,0,0,2.0,2.8,0.9442361111111108,0.056,1,2.8,0.9442361111111108,0.056,2.0,120,59713643048,50,77.52354884147644,77.52354884147644,0.00032973289489746094
213,36,3.6,5,17,9,10,11,12,11,12,9,10,0,0,0,0,0,0,0,0,0,0,0,0,2.4,2.6,0.9153472222222222,0.052,1,2.6,0.9153472222222222,0.052,2.4,121,59713643048,50,85.54020476341248,85.54020476341248,0.0003235340118408203
214,36,3.6,5,17,12,13,9,10,11,12,11,12,10,11,0,0,0,0,0,0,0,0,0,0,2.2,3.4,0.9496666666666667,0.068,1,3.4,0.9496666666666667,0.068,2.2,122,59713643048,50,80.8259825706482,80.8259825706482,0.00032711029052734375
215,35,3.5,5,17,9,10,11,12,11,12,10,11,0,0,0,0,0,0,0,0,0,0,0,0,2.4,2.6,0.9261805555555551,0.052,1,2.6,0.9261805555555551,0.052,2.4,123,59713643048,50,81.38189792633057,81.38189792633057,0.0003273487091064453
216,38,3.8,5,18,9,10,9,10,11,12,9,10,0,0,0,0,0,0,0,0,0,0,0,0,1.8,2.6,0.9126388888888886,0.052,1,2.6,0.9126388888888886,0.052,1.8,103,59713643048,50,87.41949677467346,87.41949677467346,0.0003287792205810547
217,36,3.6,5,18,9,10,11,12,11,12,9,10,0,0,0,0,0,0,0,0,0,0,0,0,2.4,2.6,0.9153472222222222,0.052,1,2.6,0.9153472222222222,0.052,2.4,121,59713643048,50,85.54020476341248,85.54020476341248,0.0003635883331298828
218,38,3.8,5,18,9,10,11,12,11,12,9,10,0,0,0,0,0,0,0,0,0,0,0,0,2.4,2.6,0.9126388888888886,0.052,1,2.6,0.9126388888888886,0.052,2.4,106,59713643048,50,87.59721040725708,87.59721040725708,0.00032448768615722656
219,36,3.6,5,18,9,10,9,10,11,13,10,11,0,0,0,0,0,0,0,0,0,0,0,0,2.4,3.4,0.9238888888888889,0.068,1,3.4,0.9238888888888889,0.068,2.4,124,59713643048,50,84.27996587753296,84.27996587753296,0.0003261566162109375
220,36,3.6,5,18,9,10,11,12,11,12,10,11,0,0,0,0,0,0,0,0,0,0,0,0,0.8,2.6,0.9153472222222222,0.052,1,2.6,0.9153472222222222,0.052,0.8,105,59713643048,50,85.19081950187683,85.19081950187683,0.0003216266632080078
221,36,3.6,5,18,9,10,11,12,11,12,10,11,0,0,0,0,0,0,0,0,0,0,0,0,0.8,2.6,0.9153472222222222,0.052,1,2.6,0.9153472222222222,0.052,0.8,105,59713643048,50,85.19081950187683,85.19081950187683,0.0003256797790527344
222,36,3.6,5,18,9,10,11,12,11,12,10,11,0,0,0,0,0,0,0,0,0,0,0,0,0.8,2.6,0.9153472222222222,0.052,1,2.6,0.9153472222222222,0.052,0.8,105,59713643048,50,85.19081950187683,85.19081950187683,0.0003266334533691406
223,36,3.6,5,18,9,10,11,12,11,12,10,12,0,0,0,0,0,0,0,0,0,0,0,0,2.2,3.0,0.8950694444444445,0.06,1,3.0,0.8950694444444445,0.06,2.2,125,59713643048,50,105.40903234481812,105.40903234481812,0.0003275871276855469
224,38,3.8,5,18,9,10,9,10,11,12,9,10,0,0,0,0,0,0,0,0,0,0,0,0,1.8,2.6,0.9126388888888886,0.052,1,2.6,0.9126388888888886,0.052,1.8,103,59713643048,50,87.41949677467346,87.41949677467346,0.0003376007080078125
225,35,3.5,5,18,9,10,11,12,11,12,10,11,0,0,0,0,0,0,0,0,0,0,0,0,2.4,2.6,0.9261805555555551,0.052,1,2.6,0.9261805555555551,0.052,2.4,123,59713643048,50,81.38189792633057,81.38189792633057,0.0003237724304199219
226,39,3.9,5,18,9,10,11,12,9,10,11,12,10,11,0,0,0,0,0,0,0,0,0,0,3.6,3.4,0.9286111111111108,0.068,1,3.4,0.9286111111111108,0.068,3.6,94,59713643048,50,91.12194871902466,91.12194871902466,0.00032639503479003906
227,35,3.5,5,18,9,10,11,12,11,12,9,10,11,12,0,0,0,0,0,0,0,0,0,0,2.6,3.4,0.9333888888888886,0.068,1,3.4,0.9333888888888886,0.068,2.6,126,59713643048,50,89.42708611488342,89.42708611488342,0.0003428459167480469
228,37,3.7,5,19,9,10,9,10,11,12,9,10,0,0,0,0,0,0,0,0,0,0,0,0,2.6,2.6,0.922708333333333,0.052,1,2.6,0.922708333333333,0.052,2.6,127,59713643048,50,86.11625695228577,86.11625695228577,0.00039267539978027344
229,39,3.9,5,19,12,13,9,10,11,12,9,10,11,12,9,10,0,0,0,0,0,0,0,0,3.0,3.8,0.8909259259259258,0.076,1,3.8,0.8909259259259258,0.076,3.0,111,59713643048,50,122.53937077522278,122.53937077522278,0.00033020973205566406
230,38,3.8,5,19,9,10,11,12,11,12,0,0,0,0,0,0,0,0,0,0,0,0,0,0,1.2,2.0,0.9068518518518517,0.04,1,2.0,0.9068518518518517,0.04,1.2,128,59713643048,50,74.36235404014587,74.36235404014587,0.00031876564025878906
231,35,3.5,5,19,9,10,9,10,11,12,9,11,0,0,0,0,0,0,0,0,0,0,0,0,3.0,3.0,0.9058680555555553,0.06,1,3.0,0.9058680555555553,0.06,3.0,129,59713643048,50,102.85897636413574,102.85897636413574,0.00032138824462890625
232,38,3.8,5,19,9,10,9,10,11,12,9,10,0,0,0,0,0,0,0,0,0,0,0,0,1.8,2.6,0.9126388888888886,0.052,1,2.6,0.9126388888888886,0.052,1.8,103,59713643048,50,87.41949677467346,87.41949677467346,0.0003254413604736328
233,43,4.3,5,19,9,10,9,10,11,12,9,10,0,0,0,0,0,0,0,0,0,0,0,0,1.4,2.8,0.9274305555555553,0.056,1,2.8,0.9274305555555553,0.056,1.4,130,59713643048,50,82.56352400779724,82.56352400779724,0.00032711029052734375
234,26,2.6,5,19,12,13,9,10,11,12,11,12,9,10,0,0,0,0,0,0,0,0,0,0,1.8,3.0,0.9196666666666664,0.06,1,3.0,0.9196666666666664,0.06,1.8,131,59713643048,50,94.45477819442749,94.45477819442749,0.0003337860107421875
235,39,3.9,5,19,9,10,11,12,11,12,9,10,0,0,0,0,0,0,0,0,0,0,0,0,2.2,2.8,0.9599999999999997,0.056,1,2.8,0.9599999999999997,0.056,2.2,132,59713643048,50,71.13114261627197,71.13114261627197,0.00032591819763183594
236,39,3.9,5,19,12,13,9,10,11,12,11,12,9,10,0,0,0,0,0,0,0,0,0,0,3.0,3.4,0.9286111111111108,0.068,1,3.4,0.9286111111111108,0.068,3.0,114,59713643048,50,89.04873657226562,89.04873657226562,0.00032711029052734375
237,36,3.6,5,19,9,10,9,10,11,12,10,11,0,0,0,0,0,0,0,0,0,0,0,0,1.8,2.6,0.9153472222222222,0.052,1,2.6,0.9153472222222222,0.052,1.8,117,59713643048,50,86.33760237693787,86.33760237693787,0.0003571510314941406
238,38,3.8,5,19,9,10,9,10,11,12,9,10,0,0,0,0,0,0,0,0,0,0,0,0,1.8,2.6,0.9126388888888886,0.052,1,2.6,0.9126388888888886,0.052,1.8,103,59713643048,50,87.41949677467346,87.41949677467346,0.00032782554626464844
239,36,3.6,5,19,9,10,11,12,11,12,9,10,0,0,0,0,0,0,0,0,0,0,0,0,2.4,2.6,0.9153472222222222,0.052,1,2.6,0.9153472222222222,0.052,2.4,121,59713643048,50,85.54020476341248,85.54020476341248,0.0003306865692138672
240,38,3.8,5,20,9,10,11,12,11,12,0,0,0,0,0,0,0,0,0,0,0,0,0,0,1.2,2.0,0.9068518518518517,0.04,1,2.0,0.9068518518518517,0.04,1.2,128,59713643048,50,74.36235404014587,74.36235404014587,0.0003230571746826172
241,35,3.5,5,20,9,10,11,12,11,12,0,0,0,0,0,0,0,0,0,0,0,0,0,0,2.4,2.0,0.921296296296296,0.04,1,2.0,0.921296296296296,0.04,2.4,133,59713643048,50,70.16148972511292,70.16148972511292,0.00032329559326171875
242,39,3.9,5,20,9,10,11,12,11,12,10,11,0,0,0,0,0,0,0,0,0,0,0,0,1.4,2.8,0.9599999999999997,0.056,1,2.8,0.9599999999999997,0.056,1.4,79,59713643048,50,70.74717140197754,70.74717140197754,0.00033092498779296875
243,35,3.5,5,20,12,13,9,10,11,12,9,10,11,12,9,10,0,0,0,0,0,0,0,0,4.2,3.8,0.9324999999999998,0.076,1,3.8,0.9324999999999998,0.076,4.2,134,59713643048,50,100.17630434036255,100.17630434036255,0.0003306865692138672
244,36,3.6,5,20,9,10,11,12,11,12,0,0,0,0,0,0,0,0,0,0,0,0,0,0,0.8,2.0,0.9113888888888887,0.04,1,2.0,0.9113888888888887,0.04,0.8,135,59713643048,50,74.2253007888794,74.2253007888794,0.00032591819763183594
245,36,3.6,5,20,9,10,11,12,11,12,10,12,0,0,0,0,0,0,0,0,0,0,0,0,2.2,3.0,0.8950694444444445,0.06,1,3.0,0.8950694444444445,0.06,2.2,125,59713643048,50,105.40903234481812,105.40903234481812,0.00032329559326171875
246,36,3.6,5,20,9,10,11,12,11,12,9,10,0,0,0,0,0,0,0,0,0,0,0,0,2.4,2.6,0.9153472222222222,0.052,1,2.6,0.9153472222222222,0.052,2.4,121,59713643048,50,85.54020476341248,85.54020476341248,0.0003414154052734375
247,38,3.8,5,20,12,13,9,10,11,12,9,10,11,12,10,11,0,0,0,0,0,0,0,0,2.4,3.8,0.9006018518518516,0.076,1,3.8,0.9006018518518516,0.076,2.4,136,59713643048,50,116.72960376739502,116.72960376739502,0.0003314018249511719
248,38,3.8,5,20,9,10,9,10,11,12,10,11,0,0,0,0,0,0,0,0,0,0,0,0,2.4,2.6,0.9126388888888886,0.052,1,2.6,0.9126388888888886,0.052,2.4,137,59713643048,50,88.09239315986633,88.09239315986633,0.000324249267578125
249,35,3.5,5,20,9,10,11,12,11,12,9,10,0,0,0,0,0,0,0,0,0,0,0,0,1.6,2.6,0.9261805555555551,0.052,1,2.6,0.9261805555555551,0.052,1.6,138,59713643048,50,82.11379218101501,82.11379218101501,0.00032401084899902344
250,39,3.9,5,20,9,10,11,12,11,12,10,11,0,0,0,0,0,0,0,0,0,0,0,0,1.4,2.8,0.9599999999999997,0.056,1,2.8,0.9599999999999997,0.056,1.4,79,59713643048,50,70.74717140197754,70.74717140197754,0.0003306865692138672
251,36,3.6,5,20,9,10,11,12,11,12,9,10,0,0,0,0,0,0,0,0,0,0,0,0,2.4,2.6,0.9153472222222222,0.052,1,2.6,0.9153472222222222,0.052,2.4,121,59713643048,50,85.54020476341248,85.54020476341248,0.00032711029052734375
